FeatureAMP4_c.PlayerBar__0,AbstractAudioController,class,3,40,1,2,9,250,28,21,0,9,0,0,1,156,0
FeatureAMP4_c.PlayerBar__0,Mp3MetaFile,class,3,19,2,0,10,9,7,7,0,6,0,0,0,63,0
FeatureAMP4_c.PlayerBar__0,VolumeControl,class,5,14,1,0,12,0,8,5,0,6,0,0,0,74,0
FeatureAMP4_c.PlayerBar__0,AbstractAudioFile,class,1,4,1,2,4,4,4,4,0,1,0,0,1,21,0
FeatureAMP4_c.PlayerBar__0,Listener,interface,1,1,1,0,0,0,1,1,0,0,0,0,0,3,0
FeatureAMP4_c.PlayerBar__0,OggController,class,3,16,2,0,21,0,8,8,0,4,0,0,3,92,0
FeatureAMP4_c.PlayerBar__0,OggMetaFile,class,3,18,2,0,6,11,7,7,0,5,0,0,2,63,0
FeatureAMP4_c.PlayerBar__0,TitleListener,class,2,3,1,0,6,0,1,1,0,0,0,0,0,13,0
FeatureAMP4_c.PlayerBar__0,FeatureAmp,class,8,24,1,0,39,138,20,9,2,7,1,1,4,110,0
FeatureAMP4_c.PlayerBar__0,AudioController,interface,3,27,1,0,0,351,27,27,0,3,3,3,0,33,0
FeatureAMP4_c.PlayerBar__0,AudioFile,interface,2,8,1,0,0,28,8,8,0,0,0,0,0,10,0
FeatureAMP4_c.PlayerBar__0,TitleTimeListener,class,5,4,1,0,9,0,2,2,0,1,0,0,0,22,0
FeatureAMP4_c.PlayerBar__0,PlayerBar,class,11,14,1,0,16,1,10,9,0,5,0,0,0,102,1
FeatureAMP4_c.PlayerBar__0,MenuManager,class,2,15,1,0,21,25,10,7,0,3,0,0,3,74,0
FeatureAMP4_c.PlayerBar__0,AudioFactory,class,7,24,3,0,14,45,10,3,10,1,0,1,8,82,0
FeatureAMP4_c.PlayerBar__0,Mp3Controller,class,3,16,2,0,21,0,8,8,0,4,0,0,3,92,0
FeatureAMP4_c.PlayerBar__1,MenuManager,class,1,15,1,0,19,25,10,7,0,3,0,0,3,69,0
FeatureAMP4_c.PlayerBar__1,OggMetaFile,class,3,18,2,0,6,11,7,7,0,5,0,0,2,63,0
FeatureAMP4_c.PlayerBar__1,ProgressBar,class,6,6,1,0,8,0,4,4,0,2,0,0,0,29,0
FeatureAMP4_c.PlayerBar__1,Mp3Controller,class,3,16,2,0,21,0,8,8,0,4,0,0,3,92,0
FeatureAMP4_c.PlayerBar__1,AbstractAudioController,class,3,40,1,2,9,250,28,21,0,9,0,0,1,156,0
FeatureAMP4_c.PlayerBar__1,FeatureAmp,class,10,26,1,0,44,206,24,9,2,9,1,1,4,125,0
FeatureAMP4_c.PlayerBar__1,TitleTimeListener,class,5,4,1,0,9,0,2,2,0,1,0,0,0,22,0
FeatureAMP4_c.PlayerBar__1,TitleListener,class,2,3,1,0,6,0,1,1,0,0,0,0,0,13,0
FeatureAMP4_c.PlayerBar__1,AudioFactory,class,7,24,3,0,14,45,10,3,10,1,0,1,8,82,0
FeatureAMP4_c.PlayerBar__1,PlaylistTableModel,class,2,21,2,0,11,9,7,5,0,2,0,1,0,49,0
FeatureAMP4_c.PlayerBar__1,OggController,class,3,16,2,0,21,0,8,8,0,4,0,0,3,92,0
FeatureAMP4_c.PlayerBar__1,AudioController,interface,3,27,1,0,0,351,27,27,0,3,3,3,0,33,0
FeatureAMP4_c.PlayerBar__1,AudioFile,interface,2,8,1,0,0,28,8,8,0,0,0,0,0,10,0
FeatureAMP4_c.PlayerBar__1,FinishedListener,interface,2,1,1,0,0,0,1,1,0,0,0,0,0,3,0
FeatureAMP4_c.PlayerBar__1,PlayerControl,class,14,66,2,0,36,0,21,13,0,12,4,4,1,228,0
FeatureAMP4_c.PlayerBar__1,AbstractAudioFile,class,1,4,1,2,4,4,4,4,0,1,0,0,1,21,0
FeatureAMP4_c.PlayerBar__1,Playlist,class,11,55,2,0,54,93,22,19,0,7,0,0,5,224,0
FeatureAMP4_c.PlayerBar__1,Listener,interface,1,1,1,0,0,0,1,1,0,0,0,0,0,3,0
FeatureAMP4_c.PlayerBar__1,PlayerBar,class,11,14,1,0,16,1,10,9,0,5,0,0,0,102,1
FeatureAMP4_c.PlayerBar__1,Mp3MetaFile,class,3,19,2,0,10,9,7,7,0,6,0,0,0,63,0
FeatureAMP4_c.PlayerBar__10,AudioFactory,class,7,24,3,0,14,45,10,3,10,1,0,1,8,82,0
FeatureAMP4_c.PlayerBar__10,TitleTimeListener,class,5,4,1,0,9,0,2,2,0,1,0,0,0,22,0
FeatureAMP4_c.PlayerBar__10,MenuManager,class,1,15,1,0,19,25,10,7,0,3,0,0,3,69,0
FeatureAMP4_c.PlayerBar__10,ProgressBar,class,6,6,1,0,8,0,4,4,0,2,0,0,0,29,0
FeatureAMP4_c.PlayerBar__10,Mp3MetaFile,class,3,19,2,0,10,9,7,7,0,6,0,0,0,63,0
FeatureAMP4_c.PlayerBar__10,Playlist,class,11,55,2,0,54,93,22,19,0,7,0,0,5,224,0
FeatureAMP4_c.PlayerBar__10,PlayerControl,class,5,32,1,0,28,4,9,4,0,4,0,0,0,97,0
FeatureAMP4_c.PlayerBar__10,PlayerBar,class,11,14,1,0,16,1,10,9,0,5,0,0,0,102,1
FeatureAMP4_c.PlayerBar__10,OggMetaFile,class,3,18,2,0,6,11,7,7,0,5,0,0,2,63,0
FeatureAMP4_c.PlayerBar__10,AudioController,interface,3,27,1,0,0,351,27,27,0,3,3,3,0,33,0
FeatureAMP4_c.PlayerBar__10,AudioFile,interface,2,8,1,0,0,28,8,8,0,0,0,0,0,10,0
FeatureAMP4_c.PlayerBar__10,OggController,class,3,16,2,0,21,0,8,8,0,4,0,0,3,92,0
FeatureAMP4_c.PlayerBar__10,Listener,interface,1,1,1,0,0,0,1,1,0,0,0,0,0,3,0
FeatureAMP4_c.PlayerBar__10,PlaylistTableModel,class,2,21,2,0,11,9,7,5,0,2,0,1,0,49,0
FeatureAMP4_c.PlayerBar__10,AbstractAudioFile,class,1,4,1,2,4,4,4,4,0,1,0,0,1,21,0
FeatureAMP4_c.PlayerBar__10,TitleListener,class,2,3,1,0,6,0,1,1,0,0,0,0,0,13,0
FeatureAMP4_c.PlayerBar__10,FinishedListener,interface,2,1,1,0,0,0,1,1,0,0,0,0,0,3,0
FeatureAMP4_c.PlayerBar__10,Mp3Controller,class,3,16,2,0,21,0,8,8,0,4,0,0,3,92,0
FeatureAMP4_c.PlayerBar__10,AbstractAudioController,class,3,40,1,2,9,250,28,21,0,9,0,0,1,156,0
FeatureAMP4_c.PlayerBar__10,FeatureAmp,class,10,26,1,0,44,206,24,9,2,9,1,1,4,125,0
FeatureAMP4_c.PlayerBar__11,AbstractAudioFile,class,1,4,1,2,4,4,4,4,0,1,0,0,1,21,0
FeatureAMP4_c.PlayerBar__11,AudioFile,interface,2,8,1,0,0,28,8,8,0,0,0,0,0,10,0
FeatureAMP4_c.PlayerBar__11,MenuManager,class,1,15,1,0,19,25,10,7,0,3,0,0,3,69,0
FeatureAMP4_c.PlayerBar__11,ProgressBar,class,6,6,1,0,8,0,4,4,0,2,0,0,0,29,0
FeatureAMP4_c.PlayerBar__11,OggMetaFile,class,3,18,2,0,6,11,7,7,0,5,0,0,2,63,0
FeatureAMP4_c.PlayerBar__11,PlayerControl,class,6,37,2,0,29,5,11,5,0,5,0,0,0,116,0
FeatureAMP4_c.PlayerBar__11,AudioController,interface,3,27,1,0,0,351,27,27,0,3,3,3,0,33,0
FeatureAMP4_c.PlayerBar__11,Playlist,class,11,55,2,0,54,93,22,19,0,7,0,0,5,224,0
FeatureAMP4_c.PlayerBar__11,PlayerBar,class,11,14,1,0,16,1,10,9,0,5,0,0,0,102,1
FeatureAMP4_c.PlayerBar__11,OggController,class,3,16,2,0,21,0,8,8,0,4,0,0,3,92,0
FeatureAMP4_c.PlayerBar__11,TitleListener,class,2,3,1,0,6,0,1,1,0,0,0,0,0,13,0
FeatureAMP4_c.PlayerBar__11,AudioFactory,class,7,24,3,0,14,45,10,3,10,1,0,1,8,82,0
FeatureAMP4_c.PlayerBar__11,FinishedListener,interface,2,1,1,0,0,0,1,1,0,0,0,0,0,3,0
FeatureAMP4_c.PlayerBar__11,TitleTimeListener,class,5,4,1,0,9,0,2,2,0,1,0,0,0,22,0
FeatureAMP4_c.PlayerBar__11,FeatureAmp,class,10,26,1,0,44,206,24,9,2,9,1,1,4,125,0
FeatureAMP4_c.PlayerBar__11,Listener,interface,1,1,1,0,0,0,1,1,0,0,0,0,0,3,0
FeatureAMP4_c.PlayerBar__11,Mp3Controller,class,3,16,2,0,21,0,8,8,0,4,0,0,3,92,0
FeatureAMP4_c.PlayerBar__11,Mp3MetaFile,class,3,19,2,0,10,9,7,7,0,6,0,0,0,63,0
FeatureAMP4_c.PlayerBar__11,AbstractAudioController,class,3,40,1,2,9,250,28,21,0,9,0,0,1,156,0
FeatureAMP4_c.PlayerBar__11,PlaylistTableModel,class,2,21,2,0,11,9,7,5,0,2,0,1,0,49,0
FeatureAMP4_c.PlayerBar__12,Listener,interface,1,1,1,0,0,0,1,1,0,0,0,0,0,3,0
FeatureAMP4_c.PlayerBar__12,PlayerBar,class,11,14,1,0,16,1,10,9,0,5,0,0,0,102,1
FeatureAMP4_c.PlayerBar__12,FeatureAmp,class,10,26,1,0,44,206,24,9,2,9,1,1,4,125,0
FeatureAMP4_c.PlayerBar__12,PlayerControl,class,11,41,1,0,32,0,15,10,0,9,4,4,1,157,0
FeatureAMP4_c.PlayerBar__12,TitleTimeListener,class,5,4,1,0,9,0,2,2,0,1,0,0,0,22,0
FeatureAMP4_c.PlayerBar__12,AudioFactory,class,7,24,3,0,14,45,10,3,10,1,0,1,8,82,0
FeatureAMP4_c.PlayerBar__12,FinishedListener,interface,2,1,1,0,0,0,1,1,0,0,0,0,0,3,0
FeatureAMP4_c.PlayerBar__12,AudioFile,interface,2,8,1,0,0,28,8,8,0,0,0,0,0,10,0
FeatureAMP4_c.PlayerBar__12,OggController,class,3,16,2,0,21,0,8,8,0,4,0,0,3,92,0
FeatureAMP4_c.PlayerBar__12,PlaylistTableModel,class,2,21,2,0,11,9,7,5,0,2,0,1,0,49,0
FeatureAMP4_c.PlayerBar__12,ProgressBar,class,6,6,1,0,8,0,4,4,0,2,0,0,0,29,0
FeatureAMP4_c.PlayerBar__12,Mp3MetaFile,class,3,19,2,0,10,9,7,7,0,6,0,0,0,63,0
FeatureAMP4_c.PlayerBar__12,AbstractAudioFile,class,1,4,1,2,4,4,4,4,0,1,0,0,1,21,0
FeatureAMP4_c.PlayerBar__12,TitleListener,class,2,3,1,0,6,0,1,1,0,0,0,0,0,13,0
FeatureAMP4_c.PlayerBar__12,Mp3Controller,class,3,16,2,0,21,0,8,8,0,4,0,0,3,92,0
FeatureAMP4_c.PlayerBar__12,OggMetaFile,class,3,18,2,0,6,11,7,7,0,5,0,0,2,63,0
FeatureAMP4_c.PlayerBar__12,AbstractAudioController,class,3,40,1,2,9,250,28,21,0,9,0,0,1,156,0
FeatureAMP4_c.PlayerBar__12,AudioController,interface,3,27,1,0,0,351,27,27,0,3,3,3,0,33,0
FeatureAMP4_c.PlayerBar__12,Playlist,class,11,55,2,0,54,93,22,19,0,7,0,0,5,224,0
FeatureAMP4_c.PlayerBar__12,MenuManager,class,1,15,1,0,19,25,10,7,0,3,0,0,3,69,0
FeatureAMP4_c.PlayerBar__13,PlayerBar,class,11,14,1,0,16,1,10,9,0,5,0,0,0,102,1
FeatureAMP4_c.PlayerBar__13,AbstractAudioFile,class,1,4,1,2,4,4,4,4,0,1,0,0,1,21,0
FeatureAMP4_c.PlayerBar__13,PlayerControl,class,12,46,2,0,33,0,17,11,0,10,4,4,1,176,0
FeatureAMP4_c.PlayerBar__13,Playlist,class,11,55,2,0,54,93,22,19,0,7,0,0,5,224,0
FeatureAMP4_c.PlayerBar__13,Listener,interface,1,1,1,0,0,0,1,1,0,0,0,0,0,3,0
FeatureAMP4_c.PlayerBar__13,TitleTimeListener,class,5,4,1,0,9,0,2,2,0,1,0,0,0,22,0
FeatureAMP4_c.PlayerBar__13,AudioFile,interface,2,8,1,0,0,28,8,8,0,0,0,0,0,10,0
FeatureAMP4_c.PlayerBar__13,TitleListener,class,2,3,1,0,6,0,1,1,0,0,0,0,0,13,0
FeatureAMP4_c.PlayerBar__13,FeatureAmp,class,10,26,1,0,44,206,24,9,2,9,1,1,4,125,0
FeatureAMP4_c.PlayerBar__13,OggController,class,3,16,2,0,21,0,8,8,0,4,0,0,3,92,0
FeatureAMP4_c.PlayerBar__13,MenuManager,class,1,15,1,0,19,25,10,7,0,3,0,0,3,69,0
FeatureAMP4_c.PlayerBar__13,ProgressBar,class,6,6,1,0,8,0,4,4,0,2,0,0,0,29,0
FeatureAMP4_c.PlayerBar__13,OggMetaFile,class,3,18,2,0,6,11,7,7,0,5,0,0,2,63,0
FeatureAMP4_c.PlayerBar__13,AudioFactory,class,7,24,3,0,14,45,10,3,10,1,0,1,8,82,0
FeatureAMP4_c.PlayerBar__13,AudioController,interface,3,27,1,0,0,351,27,27,0,3,3,3,0,33,0
FeatureAMP4_c.PlayerBar__13,FinishedListener,interface,2,1,1,0,0,0,1,1,0,0,0,0,0,3,0
FeatureAMP4_c.PlayerBar__13,Mp3MetaFile,class,3,19,2,0,10,9,7,7,0,6,0,0,0,63,0
FeatureAMP4_c.PlayerBar__13,Mp3Controller,class,3,16,2,0,21,0,8,8,0,4,0,0,3,92,0
FeatureAMP4_c.PlayerBar__13,AbstractAudioController,class,3,40,1,2,9,250,28,21,0,9,0,0,1,156,0
FeatureAMP4_c.PlayerBar__13,PlaylistTableModel,class,2,21,2,0,11,9,7,5,0,2,0,1,0,49,0
FeatureAMP4_c.PlayerBar__14,PlayerControl,class,4,22,1,0,23,3,7,3,0,3,0,0,0,69,0
FeatureAMP4_c.PlayerBar__14,AudioFactory,class,7,24,3,0,14,45,10,3,10,1,0,1,8,82,0
FeatureAMP4_c.PlayerBar__14,Mp3MetaFile,class,3,19,2,0,10,9,7,7,0,6,0,0,0,63,0
FeatureAMP4_c.PlayerBar__14,AudioController,interface,3,27,1,0,0,351,27,27,0,3,3,3,0,33,0
FeatureAMP4_c.PlayerBar__14,MenuManager,class,1,15,1,0,19,25,10,7,0,3,0,0,3,69,0
FeatureAMP4_c.PlayerBar__14,OggController,class,3,16,2,0,21,0,8,8,0,4,0,0,3,92,0
FeatureAMP4_c.PlayerBar__14,TitleListener,class,2,3,1,0,6,0,1,1,0,0,0,0,0,13,0
FeatureAMP4_c.PlayerBar__14,Playlist,class,11,55,2,0,54,93,22,19,0,7,0,0,5,224,0
FeatureAMP4_c.PlayerBar__14,PlaylistTableModel,class,2,21,2,0,11,9,7,5,0,2,0,1,0,49,0
FeatureAMP4_c.PlayerBar__14,AudioFile,interface,2,8,1,0,0,28,8,8,0,0,0,0,0,10,0
FeatureAMP4_c.PlayerBar__14,FinishedListener,interface,2,1,1,0,0,0,1,1,0,0,0,0,0,3,0
FeatureAMP4_c.PlayerBar__14,PlayerBar,class,11,14,1,0,16,1,10,9,0,5,0,0,0,102,1
FeatureAMP4_c.PlayerBar__14,Listener,interface,1,1,1,0,0,0,1,1,0,0,0,0,0,3,0
FeatureAMP4_c.PlayerBar__14,Mp3Controller,class,3,16,2,0,21,0,8,8,0,4,0,0,3,92,0
FeatureAMP4_c.PlayerBar__14,AbstractAudioController,class,3,40,1,2,9,250,28,21,0,9,0,0,1,156,0
FeatureAMP4_c.PlayerBar__14,FeatureAmp,class,10,26,1,0,44,206,24,9,2,9,1,1,4,125,0
FeatureAMP4_c.PlayerBar__14,OggMetaFile,class,3,18,2,0,6,11,7,7,0,5,0,0,2,63,0
FeatureAMP4_c.PlayerBar__14,ProgressBar,class,6,6,1,0,8,0,4,4,0,2,0,0,0,29,0
FeatureAMP4_c.PlayerBar__14,TitleTimeListener,class,5,4,1,0,9,0,2,2,0,1,0,0,0,22,0
FeatureAMP4_c.PlayerBar__14,AbstractAudioFile,class,1,4,1,2,4,4,4,4,0,1,0,0,1,21,0
FeatureAMP4_c.PlayerBar__15,AudioController,interface,3,27,1,0,0,351,27,27,0,3,3,3,0,33,0
FeatureAMP4_c.PlayerBar__15,OggMetaFile,class,3,18,2,0,6,11,7,7,0,5,0,0,2,63,0
FeatureAMP4_c.PlayerBar__15,Listener,interface,1,1,1,0,0,0,1,1,0,0,0,0,0,3,0
FeatureAMP4_c.PlayerBar__15,TitleTimeListener,class,5,4,1,0,9,0,2,2,0,1,0,0,0,22,0
FeatureAMP4_c.PlayerBar__15,PlayerControl,class,5,27,2,0,24,4,9,4,0,4,0,0,0,88,0
FeatureAMP4_c.PlayerBar__15,AbstractAudioFile,class,1,4,1,2,4,4,4,4,0,1,0,0,1,21,0
FeatureAMP4_c.PlayerBar__15,OggController,class,3,16,2,0,21,0,8,8,0,4,0,0,3,92,0
FeatureAMP4_c.PlayerBar__15,MenuManager,class,1,15,1,0,19,25,10,7,0,3,0,0,3,69,0
FeatureAMP4_c.PlayerBar__15,TitleListener,class,2,3,1,0,6,0,1,1,0,0,0,0,0,13,0
FeatureAMP4_c.PlayerBar__15,Mp3MetaFile,class,3,19,2,0,10,9,7,7,0,6,0,0,0,63,0
FeatureAMP4_c.PlayerBar__15,PlayerBar,class,11,14,1,0,16,1,10,9,0,5,0,0,0,102,1
FeatureAMP4_c.PlayerBar__15,Mp3Controller,class,3,16,2,0,21,0,8,8,0,4,0,0,3,92,0
FeatureAMP4_c.PlayerBar__15,AudioFile,interface,2,8,1,0,0,28,8,8,0,0,0,0,0,10,0
FeatureAMP4_c.PlayerBar__15,AbstractAudioController,class,3,40,1,2,9,250,28,21,0,9,0,0,1,156,0
FeatureAMP4_c.PlayerBar__15,FeatureAmp,class,10,26,1,0,44,206,24,9,2,9,1,1,4,125,0
FeatureAMP4_c.PlayerBar__15,PlaylistTableModel,class,2,21,2,0,11,9,7,5,0,2,0,1,0,49,0
FeatureAMP4_c.PlayerBar__15,FinishedListener,interface,2,1,1,0,0,0,1,1,0,0,0,0,0,3,0
FeatureAMP4_c.PlayerBar__15,ProgressBar,class,6,6,1,0,8,0,4,4,0,2,0,0,0,29,0
FeatureAMP4_c.PlayerBar__15,AudioFactory,class,7,24,3,0,14,45,10,3,10,1,0,1,8,82,0
FeatureAMP4_c.PlayerBar__15,Playlist,class,11,55,2,0,54,93,22,19,0,7,0,0,5,224,0
FeatureAMP4_c.PlayerBar__16,FeatureAmp,class,10,26,1,0,44,206,24,9,2,9,1,1,4,125,0
FeatureAMP4_c.PlayerBar__16,OggController,class,3,16,2,0,21,0,8,8,0,4,0,0,3,92,0
FeatureAMP4_c.PlayerBar__16,PlayerControl,class,9,33,1,0,21,0,14,10,0,9,4,4,1,138,0
FeatureAMP4_c.PlayerBar__16,PlaylistTableModel,class,2,21,2,0,11,9,7,5,0,2,0,1,0,49,0
FeatureAMP4_c.PlayerBar__16,Listener,interface,1,1,1,0,0,0,1,1,0,0,0,0,0,3,0
FeatureAMP4_c.PlayerBar__16,Playlist,class,11,55,2,0,54,93,22,19,0,7,0,0,5,224,0
FeatureAMP4_c.PlayerBar__16,AudioFactory,class,7,24,3,0,14,45,10,3,10,1,0,1,8,82,0
FeatureAMP4_c.PlayerBar__16,MenuManager,class,1,15,1,0,19,25,10,7,0,3,0,0,3,69,0
FeatureAMP4_c.PlayerBar__16,FinishedListener,interface,2,1,1,0,0,0,1,1,0,0,0,0,0,3,0
FeatureAMP4_c.PlayerBar__16,PlayerBar,class,11,14,1,0,16,1,10,9,0,5,0,0,0,102,1
FeatureAMP4_c.PlayerBar__16,OggMetaFile,class,3,18,2,0,6,11,7,7,0,5,0,0,2,63,0
FeatureAMP4_c.PlayerBar__16,TitleListener,class,2,3,1,0,6,0,1,1,0,0,0,0,0,13,0
FeatureAMP4_c.PlayerBar__16,AudioFile,interface,2,8,1,0,0,28,8,8,0,0,0,0,0,10,0
FeatureAMP4_c.PlayerBar__16,Mp3MetaFile,class,3,19,2,0,10,9,7,7,0,6,0,0,0,63,0
FeatureAMP4_c.PlayerBar__16,Mp3Controller,class,3,16,2,0,21,0,8,8,0,4,0,0,3,92,0
FeatureAMP4_c.PlayerBar__16,TitleTimeListener,class,5,4,1,0,9,0,2,2,0,1,0,0,0,22,0
FeatureAMP4_c.PlayerBar__16,AbstractAudioController,class,3,40,1,2,9,250,28,21,0,9,0,0,1,156,0
FeatureAMP4_c.PlayerBar__16,AbstractAudioFile,class,1,4,1,2,4,4,4,4,0,1,0,0,1,21,0
FeatureAMP4_c.PlayerBar__16,AudioController,interface,3,27,1,0,0,351,27,27,0,3,3,3,0,33,0
FeatureAMP4_c.PlayerBar__16,ProgressBar,class,6,6,1,0,8,0,4,4,0,2,0,0,0,29,0
FeatureAMP4_c.PlayerBar__17,OggController,class,3,16,2,0,21,0,8,8,0,4,0,0,3,92,0
FeatureAMP4_c.PlayerBar__17,TitleTimeListener,class,5,4,1,0,9,0,2,2,0,1,0,0,0,22,0
FeatureAMP4_c.PlayerBar__17,FeatureAmp,class,10,26,1,0,44,206,24,9,2,9,1,1,4,125,0
FeatureAMP4_c.PlayerBar__17,Playlist,class,11,55,2,0,54,93,22,19,0,7,0,0,5,224,0
FeatureAMP4_c.PlayerBar__17,PlayerBar,class,11,14,1,0,16,1,10,9,0,5,0,0,0,102,1
FeatureAMP4_c.PlayerBar__17,TitleListener,class,2,3,1,0,6,0,1,1,0,0,0,0,0,13,0
FeatureAMP4_c.PlayerBar__17,AbstractAudioFile,class,1,4,1,2,4,4,4,4,0,1,0,0,1,21,0
FeatureAMP4_c.PlayerBar__17,AudioFactory,class,7,24,3,0,14,45,10,3,10,1,0,1,8,82,0
FeatureAMP4_c.PlayerBar__17,OggMetaFile,class,3,18,2,0,6,11,7,7,0,5,0,0,2,63,0
FeatureAMP4_c.PlayerBar__17,Mp3Controller,class,3,16,2,0,21,0,8,8,0,4,0,0,3,92,0
FeatureAMP4_c.PlayerBar__17,Mp3MetaFile,class,3,19,2,0,10,9,7,7,0,6,0,0,0,63,0
FeatureAMP4_c.PlayerBar__17,AudioFile,interface,2,8,1,0,0,28,8,8,0,0,0,0,0,10,0
FeatureAMP4_c.PlayerBar__17,AbstractAudioController,class,3,40,1,2,9,250,28,21,0,9,0,0,1,156,0
FeatureAMP4_c.PlayerBar__17,MenuManager,class,1,15,1,0,19,25,10,7,0,3,0,0,3,69,0
FeatureAMP4_c.PlayerBar__17,ProgressBar,class,6,6,1,0,8,0,4,4,0,2,0,0,0,29,0
FeatureAMP4_c.PlayerBar__17,PlayerControl,class,2,14,1,0,14,1,6,3,0,3,0,0,0,50,0
FeatureAMP4_c.PlayerBar__17,PlaylistTableModel,class,2,21,2,0,11,9,7,5,0,2,0,1,0,49,0
FeatureAMP4_c.PlayerBar__17,FinishedListener,interface,2,1,1,0,0,0,1,1,0,0,0,0,0,3,0
FeatureAMP4_c.PlayerBar__17,AudioController,interface,3,27,1,0,0,351,27,27,0,3,3,3,0,33,0
FeatureAMP4_c.PlayerBar__17,Listener,interface,1,1,1,0,0,0,1,1,0,0,0,0,0,3,0
FeatureAMP4_c.PlayerBar__18,AbstractAudioFile,class,1,4,1,2,4,4,4,4,0,1,0,0,1,21,0
FeatureAMP4_c.PlayerBar__18,OggController,class,3,16,2,0,21,0,8,8,0,4,0,0,3,92,0
FeatureAMP4_c.PlayerBar__18,AudioFactory,class,7,24,3,0,14,45,10,3,10,1,0,1,8,82,0
FeatureAMP4_c.PlayerBar__18,Listener,interface,1,1,1,0,0,0,1,1,0,0,0,0,0,3,0
FeatureAMP4_c.PlayerBar__18,FinishedListener,interface,2,1,1,0,0,0,1,1,0,0,0,0,0,3,0
FeatureAMP4_c.PlayerBar__18,TitleListener,class,2,3,1,0,6,0,1,1,0,0,0,0,0,13,0
FeatureAMP4_c.PlayerBar__18,FeatureAmp,class,10,26,1,0,44,206,24,9,2,9,1,1,4,125,0
FeatureAMP4_c.PlayerBar__18,AbstractAudioController,class,3,40,1,2,9,250,28,21,0,9,0,0,1,156,0
FeatureAMP4_c.PlayerBar__18,PlayerBar,class,11,14,1,0,16,1,10,9,0,5,0,0,0,102,1
FeatureAMP4_c.PlayerBar__18,TitleTimeListener,class,5,4,1,0,9,0,2,2,0,1,0,0,0,22,0
FeatureAMP4_c.PlayerBar__18,MenuManager,class,1,15,1,0,19,25,10,7,0,3,0,0,3,69,0
FeatureAMP4_c.PlayerBar__18,ProgressBar,class,6,6,1,0,8,0,4,4,0,2,0,0,0,29,0
FeatureAMP4_c.PlayerBar__18,AudioController,interface,3,27,1,0,0,351,27,27,0,3,3,3,0,33,0
FeatureAMP4_c.PlayerBar__18,OggMetaFile,class,3,18,2,0,6,11,7,7,0,5,0,0,2,63,0
FeatureAMP4_c.PlayerBar__18,PlayerControl,class,8,23,1,0,18,0,12,9,0,8,4,4,1,110,0
FeatureAMP4_c.PlayerBar__18,PlaylistTableModel,class,2,21,2,0,11,9,7,5,0,2,0,1,0,49,0
FeatureAMP4_c.PlayerBar__18,AudioFile,interface,2,8,1,0,0,28,8,8,0,0,0,0,0,10,0
FeatureAMP4_c.PlayerBar__18,Mp3Controller,class,3,16,2,0,21,0,8,8,0,4,0,0,3,92,0
FeatureAMP4_c.PlayerBar__18,Mp3MetaFile,class,3,19,2,0,10,9,7,7,0,6,0,0,0,63,0
FeatureAMP4_c.PlayerBar__18,Playlist,class,11,55,2,0,54,93,22,19,0,7,0,0,5,224,0
FeatureAMP4_c.PlayerBar__19,Listener,interface,1,1,1,0,0,0,1,1,0,0,0,0,0,3,0
FeatureAMP4_c.PlayerBar__19,TitleTimeListener,class,5,4,1,0,9,0,2,2,0,1,0,0,0,22,0
FeatureAMP4_c.PlayerBar__19,PlaylistTableModel,class,2,21,2,0,11,9,7,5,0,2,0,1,0,49,0
FeatureAMP4_c.PlayerBar__19,ProgressBar,class,6,6,1,0,8,0,4,4,0,2,0,0,0,29,0
FeatureAMP4_c.PlayerBar__19,FeatureAmp,class,10,26,1,0,44,206,24,9,2,9,1,1,4,125,0
FeatureAMP4_c.PlayerBar__19,AudioController,interface,3,27,1,0,0,351,27,27,0,3,3,3,0,33,0
FeatureAMP4_c.PlayerBar__19,OggController,class,3,16,2,0,21,0,8,8,0,4,0,0,3,92,0
FeatureAMP4_c.PlayerBar__19,TitleListener,class,2,3,1,0,6,0,1,1,0,0,0,0,0,13,0
FeatureAMP4_c.PlayerBar__19,Playlist,class,11,55,2,0,54,93,22,19,0,7,0,0,5,224,0
FeatureAMP4_c.PlayerBar__19,AbstractAudioController,class,3,40,1,1,9,250,28,21,0,9,0,0,1,156,0
FeatureAMP4_c.PlayerBar__19,AbstractAudioFile,class,1,4,1,1,4,4,4,4,0,1,0,0,1,21,0
FeatureAMP4_c.PlayerBar__19,PlayerBar,class,11,14,1,0,16,1,10,9,0,5,0,0,0,102,1
FeatureAMP4_c.PlayerBar__19,AudioFactory,class,5,15,3,0,11,21,7,3,7,1,0,1,4,54,0
FeatureAMP4_c.PlayerBar__19,PlayerControl,class,6,34,1,0,22,5,10,5,0,5,0,0,0,103,0
FeatureAMP4_c.PlayerBar__19,FinishedListener,interface,2,1,1,0,0,0,1,1,0,0,0,0,0,3,0
FeatureAMP4_c.PlayerBar__19,AudioFile,interface,2,8,1,0,0,28,8,8,0,0,0,0,0,10,0
FeatureAMP4_c.PlayerBar__19,MenuManager,class,1,15,1,0,19,25,10,7,0,3,0,0,3,69,0
FeatureAMP4_c.PlayerBar__19,OggMetaFile,class,3,18,2,0,6,11,7,7,0,5,0,0,2,63,0
FeatureAMP4_c.PlayerBar__2,Playlist,class,11,55,2,0,54,93,22,19,0,7,0,0,5,224,0
FeatureAMP4_c.PlayerBar__2,AbstractAudioController,class,3,40,1,2,9,250,28,21,0,9,0,0,1,156,0
FeatureAMP4_c.PlayerBar__2,Mp3Controller,class,3,16,2,0,21,0,8,8,0,4,0,0,3,92,0
FeatureAMP4_c.PlayerBar__2,FinishedListener,interface,2,1,1,0,0,0,1,1,0,0,0,0,0,3,0
FeatureAMP4_c.PlayerBar__2,AudioFactory,class,7,24,3,0,14,45,10,3,10,1,0,1,8,82,0
FeatureAMP4_c.PlayerBar__2,AbstractAudioFile,class,1,4,1,2,4,4,4,4,0,1,0,0,1,21,0
FeatureAMP4_c.PlayerBar__2,ProgressBar,class,6,6,1,0,8,0,4,4,0,2,0,0,0,29,0
FeatureAMP4_c.PlayerBar__2,Listener,interface,1,1,1,0,0,0,1,1,0,0,0,0,0,3,0
FeatureAMP4_c.PlayerBar__2,TitleListener,class,2,3,1,0,6,0,1,1,0,0,0,0,0,13,0
FeatureAMP4_c.PlayerBar__2,OggController,class,3,16,2,0,21,0,8,8,0,4,0,0,3,92,0
FeatureAMP4_c.PlayerBar__2,Mp3MetaFile,class,3,19,2,0,10,9,7,7,0,6,0,0,0,63,0
FeatureAMP4_c.PlayerBar__2,PlayerBar,class,11,14,1,0,16,1,10,9,0,5,0,0,0,102,1
FeatureAMP4_c.PlayerBar__2,PlayerControl,class,6,42,1,0,26,5,11,5,0,5,0,0,0,121,0
FeatureAMP4_c.PlayerBar__2,AudioFile,interface,2,8,1,0,0,28,8,8,0,0,0,0,0,10,0
FeatureAMP4_c.PlayerBar__2,TitleTimeListener,class,5,4,1,0,9,0,2,2,0,1,0,0,0,22,0
FeatureAMP4_c.PlayerBar__2,MenuManager,class,1,15,1,0,19,25,10,7,0,3,0,0,3,69,0
FeatureAMP4_c.PlayerBar__2,FeatureAmp,class,10,26,1,0,44,206,24,9,2,9,1,1,4,125,0
FeatureAMP4_c.PlayerBar__2,PlaylistTableModel,class,2,21,2,0,11,9,7,5,0,2,0,1,0,49,0
FeatureAMP4_c.PlayerBar__2,AudioController,interface,3,27,1,0,0,351,27,27,0,3,3,3,0,33,0
FeatureAMP4_c.PlayerBar__2,OggMetaFile,class,3,18,2,0,6,11,7,7,0,5,0,0,2,63,0
FeatureAMP4_c.PlayerBar__20,AbstractAudioController,class,3,40,1,1,9,250,28,21,0,9,0,0,1,156,0
FeatureAMP4_c.PlayerBar__20,AudioFactory,class,5,15,3,0,11,21,7,3,7,1,0,1,4,54,0
FeatureAMP4_c.PlayerBar__20,AbstractAudioFile,class,1,4,1,1,4,4,4,4,0,1,0,0,1,21,0
FeatureAMP4_c.PlayerBar__20,PlayerControl,class,12,43,1,0,26,0,16,11,0,10,4,4,1,163,0
FeatureAMP4_c.PlayerBar__20,Playlist,class,11,55,2,0,54,93,22,19,0,7,0,0,5,224,0
FeatureAMP4_c.PlayerBar__20,AudioFile,interface,2,8,1,0,0,28,8,8,0,0,0,0,0,10,0
FeatureAMP4_c.PlayerBar__20,FinishedListener,interface,2,1,1,0,0,0,1,1,0,0,0,0,0,3,0
FeatureAMP4_c.PlayerBar__20,Listener,interface,1,1,1,0,0,0,1,1,0,0,0,0,0,3,0
FeatureAMP4_c.PlayerBar__20,TitleTimeListener,class,5,4,1,0,9,0,2,2,0,1,0,0,0,22,0
FeatureAMP4_c.PlayerBar__20,PlayerBar,class,11,14,1,0,16,1,10,9,0,5,0,0,0,102,1
FeatureAMP4_c.PlayerBar__20,AudioController,interface,3,27,1,0,0,351,27,27,0,3,3,3,0,33,0
FeatureAMP4_c.PlayerBar__20,PlaylistTableModel,class,2,21,2,0,11,9,7,5,0,2,0,1,0,49,0
FeatureAMP4_c.PlayerBar__20,ProgressBar,class,6,6,1,0,8,0,4,4,0,2,0,0,0,29,0
FeatureAMP4_c.PlayerBar__20,MenuManager,class,1,15,1,0,19,25,10,7,0,3,0,0,3,69,0
FeatureAMP4_c.PlayerBar__20,OggMetaFile,class,3,18,2,0,6,11,7,7,0,5,0,0,2,63,0
FeatureAMP4_c.PlayerBar__20,FeatureAmp,class,10,26,1,0,44,206,24,9,2,9,1,1,4,125,0
FeatureAMP4_c.PlayerBar__20,TitleListener,class,2,3,1,0,6,0,1,1,0,0,0,0,0,13,0
FeatureAMP4_c.PlayerBar__20,OggController,class,3,16,2,0,21,0,8,8,0,4,0,0,3,92,0
FeatureAMP4_c.PlayerBar__21,OggController,class,3,16,2,0,21,0,8,8,0,4,0,0,3,92,0
FeatureAMP4_c.PlayerBar__21,TitleListener,class,2,3,1,0,6,0,1,1,0,0,0,0,0,13,0
FeatureAMP4_c.PlayerBar__21,AbstractAudioController,class,3,40,1,1,9,250,28,21,0,9,0,0,1,156,0
FeatureAMP4_c.PlayerBar__21,TitleTimeListener,class,5,4,1,0,9,0,2,2,0,1,0,0,0,22,0
FeatureAMP4_c.PlayerBar__21,AudioFile,interface,2,8,1,0,0,28,8,8,0,0,0,0,0,10,0
FeatureAMP4_c.PlayerBar__21,PlaylistTableModel,class,2,21,2,0,11,9,7,5,0,2,0,1,0,49,0
FeatureAMP4_c.PlayerBar__21,MenuManager,class,1,15,1,0,19,25,10,7,0,3,0,0,3,69,0
FeatureAMP4_c.PlayerBar__21,AbstractAudioFile,class,1,4,1,1,4,4,4,4,0,1,0,0,1,21,0
FeatureAMP4_c.PlayerBar__21,Playlist,class,11,55,2,0,54,93,22,19,0,7,0,0,5,224,0
FeatureAMP4_c.PlayerBar__21,OggMetaFile,class,3,18,2,0,6,11,7,7,0,5,0,0,2,63,0
FeatureAMP4_c.PlayerBar__21,PlayerBar,class,11,14,1,0,16,1,10,9,0,5,0,0,0,102,1
FeatureAMP4_c.PlayerBar__21,AudioFactory,class,5,15,3,0,11,21,7,3,7,1,0,1,4,54,0
FeatureAMP4_c.PlayerBar__21,FinishedListener,interface,2,1,1,0,0,0,1,1,0,0,0,0,0,3,0
FeatureAMP4_c.PlayerBar__21,PlayerControl,class,5,24,1,0,17,4,8,4,0,4,0,0,0,75,0
FeatureAMP4_c.PlayerBar__21,AudioController,interface,3,27,1,0,0,351,27,27,0,3,3,3,0,33,0
FeatureAMP4_c.PlayerBar__21,Listener,interface,1,1,1,0,0,0,1,1,0,0,0,0,0,3,0
FeatureAMP4_c.PlayerBar__21,ProgressBar,class,6,6,1,0,8,0,4,4,0,2,0,0,0,29,0
FeatureAMP4_c.PlayerBar__21,FeatureAmp,class,10,26,1,0,44,206,24,9,2,9,1,1,4,125,0
FeatureAMP4_c.PlayerBar__22,AbstractAudioFile,class,1,4,1,1,4,4,4,4,0,1,0,0,1,21,0
FeatureAMP4_c.PlayerBar__22,AudioController,interface,3,27,1,0,0,351,27,27,0,3,3,3,0,33,0
FeatureAMP4_c.PlayerBar__22,AudioFactory,class,5,15,3,0,11,21,7,3,7,1,0,1,4,54,0
FeatureAMP4_c.PlayerBar__22,Listener,interface,1,1,1,0,0,0,1,1,0,0,0,0,0,3,0
FeatureAMP4_c.PlayerBar__22,AbstractAudioController,class,3,40,1,1,9,250,28,21,0,9,0,0,1,156,0
FeatureAMP4_c.PlayerBar__22,MenuManager,class,1,15,1,0,19,25,10,7,0,3,0,0,3,69,0
FeatureAMP4_c.PlayerBar__22,AudioFile,interface,2,8,1,0,0,28,8,8,0,0,0,0,0,10,0
FeatureAMP4_c.PlayerBar__22,OggMetaFile,class,3,18,2,0,6,11,7,7,0,5,0,0,2,63,0
FeatureAMP4_c.PlayerBar__22,TitleTimeListener,class,5,4,1,0,9,0,2,2,0,1,0,0,0,22,0
FeatureAMP4_c.PlayerBar__22,PlayerControl,class,12,51,1,0,35,0,17,11,0,10,4,4,1,185,0
FeatureAMP4_c.PlayerBar__22,FinishedListener,interface,2,1,1,0,0,0,1,1,0,0,0,0,0,3,0
FeatureAMP4_c.PlayerBar__22,PlayerBar,class,11,14,1,0,16,1,10,9,0,5,0,0,0,102,1
FeatureAMP4_c.PlayerBar__22,FeatureAmp,class,10,26,1,0,44,206,24,9,2,9,1,1,4,125,0
FeatureAMP4_c.PlayerBar__22,PlaylistTableModel,class,2,21,2,0,11,9,7,5,0,2,0,1,0,49,0
FeatureAMP4_c.PlayerBar__22,ProgressBar,class,6,6,1,0,8,0,4,4,0,2,0,0,0,29,0
FeatureAMP4_c.PlayerBar__22,OggController,class,3,16,2,0,21,0,8,8,0,4,0,0,3,92,0
FeatureAMP4_c.PlayerBar__22,Playlist,class,11,55,2,0,54,93,22,19,0,7,0,0,5,224,0
FeatureAMP4_c.PlayerBar__22,TitleListener,class,2,3,1,0,6,0,1,1,0,0,0,0,0,13,0
FeatureAMP4_c.PlayerBar__23,FeatureAmp,class,10,26,1,0,44,206,24,9,2,9,1,1,4,125,0
FeatureAMP4_c.PlayerBar__23,Playlist,class,11,55,2,0,54,93,22,19,0,7,0,0,5,224,0
FeatureAMP4_c.PlayerBar__23,AudioFile,interface,2,8,1,0,0,28,8,8,0,0,0,0,0,10,0
FeatureAMP4_c.PlayerBar__23,AudioController,interface,3,27,1,0,0,351,27,27,0,3,3,3,0,33,0
FeatureAMP4_c.PlayerBar__23,OggMetaFile,class,3,18,2,0,6,11,7,7,0,5,0,0,2,63,0
FeatureAMP4_c.PlayerBar__23,AbstractAudioController,class,3,40,1,1,9,250,28,21,0,9,0,0,1,156,0
FeatureAMP4_c.PlayerBar__23,TitleTimeListener,class,5,4,1,0,9,0,2,2,0,1,0,0,0,22,0
FeatureAMP4_c.PlayerBar__23,MenuManager,class,1,15,1,0,19,25,10,7,0,3,0,0,3,69,0
FeatureAMP4_c.PlayerBar__23,PlayerBar,class,11,14,1,0,16,1,10,9,0,5,0,0,0,102,1
FeatureAMP4_c.PlayerBar__23,ProgressBar,class,6,6,1,0,8,0,4,4,0,2,0,0,0,29,0
FeatureAMP4_c.PlayerBar__23,FinishedListener,interface,2,1,1,0,0,0,1,1,0,0,0,0,0,3,0
FeatureAMP4_c.PlayerBar__23,PlaylistTableModel,class,2,21,2,0,11,9,7,5,0,2,0,1,0,49,0
FeatureAMP4_c.PlayerBar__23,Listener,interface,1,1,1,0,0,0,1,1,0,0,0,0,0,3,0
FeatureAMP4_c.PlayerBar__23,AudioFactory,class,5,15,3,0,11,21,7,3,7,1,0,1,4,54,0
FeatureAMP4_c.PlayerBar__23,AbstractAudioFile,class,1,4,1,1,4,4,4,4,0,1,0,0,1,21,0
FeatureAMP4_c.PlayerBar__23,PlayerControl,class,13,56,2,0,36,0,19,12,0,11,4,4,1,204,0
FeatureAMP4_c.PlayerBar__23,TitleListener,class,2,3,1,0,6,0,1,1,0,0,0,0,0,13,0
FeatureAMP4_c.PlayerBar__23,OggController,class,3,16,2,0,21,0,8,8,0,4,0,0,3,92,0
FeatureAMP4_c.PlayerBar__24,AudioFile,interface,2,8,1,0,0,28,8,8,0,0,0,0,0,10,0
FeatureAMP4_c.PlayerBar__24,AbstractAudioController,class,3,40,1,1,9,250,28,21,0,9,0,0,1,156,0
FeatureAMP4_c.PlayerBar__24,PlayerBar,class,11,14,1,0,16,1,10,9,0,5,0,0,0,102,1
FeatureAMP4_c.PlayerBar__24,AbstractAudioFile,class,1,4,1,1,4,4,4,4,0,1,0,0,1,21,0
FeatureAMP4_c.PlayerBar__24,FeatureAmp,class,10,26,1,0,44,206,24,9,2,9,1,1,4,125,0
FeatureAMP4_c.PlayerBar__24,TitleTimeListener,class,5,4,1,0,9,0,2,2,0,1,0,0,0,22,0
FeatureAMP4_c.PlayerBar__24,Playlist,class,11,55,2,0,54,93,22,19,0,7,0,0,5,224,0
FeatureAMP4_c.PlayerBar__24,ProgressBar,class,6,6,1,0,8,0,4,4,0,2,0,0,0,29,0
FeatureAMP4_c.PlayerBar__24,AudioFactory,class,5,15,3,0,11,21,7,3,7,1,0,1,4,54,0
FeatureAMP4_c.PlayerBar__24,PlayerControl,class,5,32,1,0,28,4,9,4,0,4,0,0,0,97,0
FeatureAMP4_c.PlayerBar__24,AudioController,interface,3,27,1,0,0,351,27,27,0,3,3,3,0,33,0
FeatureAMP4_c.PlayerBar__24,MenuManager,class,1,15,1,0,19,25,10,7,0,3,0,0,3,69,0
FeatureAMP4_c.PlayerBar__24,OggController,class,3,16,2,0,21,0,8,8,0,4,0,0,3,92,0
FeatureAMP4_c.PlayerBar__24,OggMetaFile,class,3,18,2,0,6,11,7,7,0,5,0,0,2,63,0
FeatureAMP4_c.PlayerBar__24,PlaylistTableModel,class,2,21,2,0,11,9,7,5,0,2,0,1,0,49,0
FeatureAMP4_c.PlayerBar__24,FinishedListener,interface,2,1,1,0,0,0,1,1,0,0,0,0,0,3,0
FeatureAMP4_c.PlayerBar__24,Listener,interface,1,1,1,0,0,0,1,1,0,0,0,0,0,3,0
FeatureAMP4_c.PlayerBar__24,TitleListener,class,2,3,1,0,6,0,1,1,0,0,0,0,0,13,0
FeatureAMP4_c.PlayerBar__25,Listener,interface,1,1,1,0,0,0,1,1,0,0,0,0,0,3,0
FeatureAMP4_c.PlayerBar__25,PlayerBar,class,11,14,1,0,16,1,10,9,0,5,0,0,0,102,1
FeatureAMP4_c.PlayerBar__25,FinishedListener,interface,2,1,1,0,0,0,1,1,0,0,0,0,0,3,0
FeatureAMP4_c.PlayerBar__25,AbstractAudioController,class,3,40,1,1,9,250,28,21,0,9,0,0,1,156,0
FeatureAMP4_c.PlayerBar__25,AudioFile,interface,2,8,1,0,0,28,8,8,0,0,0,0,0,10,0
FeatureAMP4_c.PlayerBar__25,ProgressBar,class,6,6,1,0,8,0,4,4,0,2,0,0,0,29,0
FeatureAMP4_c.PlayerBar__25,PlaylistTableModel,class,2,21,2,0,11,9,7,5,0,2,0,1,0,49,0
FeatureAMP4_c.PlayerBar__25,FeatureAmp,class,10,26,1,0,44,206,24,9,2,9,1,1,4,125,0
FeatureAMP4_c.PlayerBar__25,OggMetaFile,class,3,18,2,0,6,11,7,7,0,5,0,0,2,63,0
FeatureAMP4_c.PlayerBar__25,AudioController,interface,3,27,1,0,0,351,27,27,0,3,3,3,0,33,0
FeatureAMP4_c.PlayerBar__25,PlayerControl,class,6,37,2,0,29,5,11,5,0,5,0,0,0,116,0
FeatureAMP4_c.PlayerBar__25,TitleTimeListener,class,5,4,1,0,9,0,2,2,0,1,0,0,0,22,0
FeatureAMP4_c.PlayerBar__25,AbstractAudioFile,class,1,4,1,1,4,4,4,4,0,1,0,0,1,21,0
FeatureAMP4_c.PlayerBar__25,OggController,class,3,16,2,0,21,0,8,8,0,4,0,0,3,92,0
FeatureAMP4_c.PlayerBar__25,MenuManager,class,1,15,1,0,19,25,10,7,0,3,0,0,3,69,0
FeatureAMP4_c.PlayerBar__25,Playlist,class,11,55,2,0,54,93,22,19,0,7,0,0,5,224,0
FeatureAMP4_c.PlayerBar__25,AudioFactory,class,5,15,3,0,11,21,7,3,7,1,0,1,4,54,0
FeatureAMP4_c.PlayerBar__25,TitleListener,class,2,3,1,0,6,0,1,1,0,0,0,0,0,13,0
FeatureAMP4_c.PlayerBar__26,PlayerBar,class,11,14,1,0,16,1,10,9,0,5,0,0,0,102,1
FeatureAMP4_c.PlayerBar__26,TitleTimeListener,class,5,4,1,0,9,0,2,2,0,1,0,0,0,22,0
FeatureAMP4_c.PlayerBar__26,Listener,interface,1,1,1,0,0,0,1,1,0,0,0,0,0,3,0
FeatureAMP4_c.PlayerBar__26,AbstractAudioFile,class,1,4,1,1,4,4,4,4,0,1,0,0,1,21,0
FeatureAMP4_c.PlayerBar__26,AbstractAudioController,class,3,40,1,1,9,250,28,21,0,9,0,0,1,156,0
FeatureAMP4_c.PlayerBar__26,AudioFactory,class,5,15,3,0,11,21,7,3,7,1,0,1,4,54,0
FeatureAMP4_c.PlayerBar__26,Playlist,class,11,55,2,0,54,93,22,19,0,7,0,0,5,224,0
FeatureAMP4_c.PlayerBar__26,AudioFile,interface,2,8,1,0,0,28,8,8,0,0,0,0,0,10,0
FeatureAMP4_c.PlayerBar__26,OggController,class,3,16,2,0,21,0,8,8,0,4,0,0,3,92,0
FeatureAMP4_c.PlayerBar__26,AudioController,interface,3,27,1,0,0,351,27,27,0,3,3,3,0,33,0
FeatureAMP4_c.PlayerBar__26,PlayerControl,class,11,41,1,0,32,0,15,10,0,9,4,4,1,157,0
FeatureAMP4_c.PlayerBar__26,MenuManager,class,1,15,1,0,19,25,10,7,0,3,0,0,3,69,0
FeatureAMP4_c.PlayerBar__26,ProgressBar,class,6,6,1,0,8,0,4,4,0,2,0,0,0,29,0
FeatureAMP4_c.PlayerBar__26,FeatureAmp,class,10,26,1,0,44,206,24,9,2,9,1,1,4,125,0
FeatureAMP4_c.PlayerBar__26,FinishedListener,interface,2,1,1,0,0,0,1,1,0,0,0,0,0,3,0
FeatureAMP4_c.PlayerBar__26,TitleListener,class,2,3,1,0,6,0,1,1,0,0,0,0,0,13,0
FeatureAMP4_c.PlayerBar__26,OggMetaFile,class,3,18,2,0,6,11,7,7,0,5,0,0,2,63,0
FeatureAMP4_c.PlayerBar__26,PlaylistTableModel,class,2,21,2,0,11,9,7,5,0,2,0,1,0,49,0
FeatureAMP4_c.PlayerBar__27,FeatureAmp,class,10,26,1,0,44,206,24,9,2,9,1,1,4,125,0
FeatureAMP4_c.PlayerBar__27,MenuManager,class,1,15,1,0,19,25,10,7,0,3,0,0,3,69,0
FeatureAMP4_c.PlayerBar__27,OggMetaFile,class,3,18,2,0,6,11,7,7,0,5,0,0,2,63,0
FeatureAMP4_c.PlayerBar__27,ProgressBar,class,6,6,1,0,8,0,4,4,0,2,0,0,0,29,0
FeatureAMP4_c.PlayerBar__27,AbstractAudioFile,class,1,4,1,1,4,4,4,4,0,1,0,0,1,21,0
FeatureAMP4_c.PlayerBar__27,Playlist,class,11,55,2,0,54,93,22,19,0,7,0,0,5,224,0
FeatureAMP4_c.PlayerBar__27,FinishedListener,interface,2,1,1,0,0,0,1,1,0,0,0,0,0,3,0
FeatureAMP4_c.PlayerBar__27,AbstractAudioController,class,3,40,1,1,9,250,28,21,0,9,0,0,1,156,0
FeatureAMP4_c.PlayerBar__27,AudioController,interface,3,27,1,0,0,351,27,27,0,3,3,3,0,33,0
FeatureAMP4_c.PlayerBar__27,PlayerControl,class,12,46,2,0,33,0,17,11,0,10,4,4,1,176,0
FeatureAMP4_c.PlayerBar__27,PlayerBar,class,11,14,1,0,16,1,10,9,0,5,0,0,0,102,1
FeatureAMP4_c.PlayerBar__27,PlaylistTableModel,class,2,21,2,0,11,9,7,5,0,2,0,1,0,49,0
FeatureAMP4_c.PlayerBar__27,AudioFile,interface,2,8,1,0,0,28,8,8,0,0,0,0,0,10,0
FeatureAMP4_c.PlayerBar__27,OggController,class,3,16,2,0,21,0,8,8,0,4,0,0,3,92,0
FeatureAMP4_c.PlayerBar__27,TitleTimeListener,class,5,4,1,0,9,0,2,2,0,1,0,0,0,22,0
FeatureAMP4_c.PlayerBar__27,AudioFactory,class,5,15,3,0,11,21,7,3,7,1,0,1,4,54,0
FeatureAMP4_c.PlayerBar__27,TitleListener,class,2,3,1,0,6,0,1,1,0,0,0,0,0,13,0
FeatureAMP4_c.PlayerBar__27,Listener,interface,1,1,1,0,0,0,1,1,0,0,0,0,0,3,0
FeatureAMP4_c.PlayerBar__28,TitleTimeListener,class,5,4,1,0,9,0,2,2,0,1,0,0,0,22,0
FeatureAMP4_c.PlayerBar__28,AudioController,interface,3,27,1,0,0,351,27,27,0,3,3,3,0,33,0
FeatureAMP4_c.PlayerBar__28,OggMetaFile,class,3,18,2,0,6,11,7,7,0,5,0,0,2,63,0
FeatureAMP4_c.PlayerBar__28,AudioFactory,class,5,15,3,0,11,21,7,3,7,1,0,1,4,54,0
FeatureAMP4_c.PlayerBar__28,FeatureAmp,class,10,26,1,0,44,206,24,9,2,9,1,1,4,125,0
FeatureAMP4_c.PlayerBar__28,PlayerBar,class,11,14,1,0,16,1,10,9,0,5,0,0,0,102,1
FeatureAMP4_c.PlayerBar__28,PlayerControl,class,4,22,1,0,23,3,7,3,0,3,0,0,0,69,0
FeatureAMP4_c.PlayerBar__28,Listener,interface,1,1,1,0,0,0,1,1,0,0,0,0,0,3,0
FeatureAMP4_c.PlayerBar__28,AudioFile,interface,2,8,1,0,0,28,8,8,0,0,0,0,0,10,0
FeatureAMP4_c.PlayerBar__28,AbstractAudioController,class,3,40,1,1,9,250,28,21,0,9,0,0,1,156,0
FeatureAMP4_c.PlayerBar__28,MenuManager,class,1,15,1,0,19,25,10,7,0,3,0,0,3,69,0
FeatureAMP4_c.PlayerBar__28,TitleListener,class,2,3,1,0,6,0,1,1,0,0,0,0,0,13,0
FeatureAMP4_c.PlayerBar__28,OggController,class,3,16,2,0,21,0,8,8,0,4,0,0,3,92,0
FeatureAMP4_c.PlayerBar__28,Playlist,class,11,55,2,0,54,93,22,19,0,7,0,0,5,224,0
FeatureAMP4_c.PlayerBar__28,AbstractAudioFile,class,1,4,1,1,4,4,4,4,0,1,0,0,1,21,0
FeatureAMP4_c.PlayerBar__28,FinishedListener,interface,2,1,1,0,0,0,1,1,0,0,0,0,0,3,0
FeatureAMP4_c.PlayerBar__28,PlaylistTableModel,class,2,21,2,0,11,9,7,5,0,2,0,1,0,49,0
FeatureAMP4_c.PlayerBar__28,ProgressBar,class,6,6,1,0,8,0,4,4,0,2,0,0,0,29,0
FeatureAMP4_c.PlayerBar__29,AbstractAudioFile,class,1,4,1,1,4,4,4,4,0,1,0,0,1,21,0
FeatureAMP4_c.PlayerBar__29,Listener,interface,1,1,1,0,0,0,1,1,0,0,0,0,0,3,0
FeatureAMP4_c.PlayerBar__29,PlayerControl,class,5,27,2,0,24,4,9,4,0,4,0,0,0,88,0
FeatureAMP4_c.PlayerBar__29,AbstractAudioController,class,3,40,1,1,9,250,28,21,0,9,0,0,1,156,0
FeatureAMP4_c.PlayerBar__29,AudioFactory,class,5,15,3,0,11,21,7,3,7,1,0,1,4,54,0
FeatureAMP4_c.PlayerBar__29,FinishedListener,interface,2,1,1,0,0,0,1,1,0,0,0,0,0,3,0
FeatureAMP4_c.PlayerBar__29,Playlist,class,11,55,2,0,54,93,22,19,0,7,0,0,5,224,0
FeatureAMP4_c.PlayerBar__29,PlayerBar,class,11,14,1,0,16,1,10,9,0,5,0,0,0,102,1
FeatureAMP4_c.PlayerBar__29,MenuManager,class,1,15,1,0,19,25,10,7,0,3,0,0,3,69,0
FeatureAMP4_c.PlayerBar__29,OggMetaFile,class,3,18,2,0,6,11,7,7,0,5,0,0,2,63,0
FeatureAMP4_c.PlayerBar__29,FeatureAmp,class,10,26,1,0,44,206,24,9,2,9,1,1,4,125,0
FeatureAMP4_c.PlayerBar__29,AudioFile,interface,2,8,1,0,0,28,8,8,0,0,0,0,0,10,0
FeatureAMP4_c.PlayerBar__29,PlaylistTableModel,class,2,21,2,0,11,9,7,5,0,2,0,1,0,49,0
FeatureAMP4_c.PlayerBar__29,OggController,class,3,16,2,0,21,0,8,8,0,4,0,0,3,92,0
FeatureAMP4_c.PlayerBar__29,TitleTimeListener,class,5,4,1,0,9,0,2,2,0,1,0,0,0,22,0
FeatureAMP4_c.PlayerBar__29,ProgressBar,class,6,6,1,0,8,0,4,4,0,2,0,0,0,29,0
FeatureAMP4_c.PlayerBar__29,TitleListener,class,2,3,1,0,6,0,1,1,0,0,0,0,0,13,0
FeatureAMP4_c.PlayerBar__29,AudioController,interface,3,27,1,0,0,351,27,27,0,3,3,3,0,33,0
FeatureAMP4_c.PlayerBar__3,PlaylistTableModel,class,2,21,2,0,11,9,7,5,0,2,0,1,0,49,0
FeatureAMP4_c.PlayerBar__3,AbstractAudioController,class,3,40,1,2,9,250,28,21,0,9,0,0,1,156,0
FeatureAMP4_c.PlayerBar__3,AudioController,interface,3,27,1,0,0,351,27,27,0,3,3,3,0,33,0
FeatureAMP4_c.PlayerBar__3,TitleTimeListener,class,5,4,1,0,9,0,2,2,0,1,0,0,0,22,0
FeatureAMP4_c.PlayerBar__3,PlayerControl,class,7,47,2,0,27,6,13,6,0,6,0,0,0,140,0
FeatureAMP4_c.PlayerBar__3,Playlist,class,11,55,2,0,54,93,22,19,0,7,0,0,5,224,0
FeatureAMP4_c.PlayerBar__3,OggController,class,3,16,2,0,21,0,8,8,0,4,0,0,3,92,0
FeatureAMP4_c.PlayerBar__3,AbstractAudioFile,class,1,4,1,2,4,4,4,4,0,1,0,0,1,21,0
FeatureAMP4_c.PlayerBar__3,FinishedListener,interface,2,1,1,0,0,0,1,1,0,0,0,0,0,3,0
FeatureAMP4_c.PlayerBar__3,OggMetaFile,class,3,18,2,0,6,11,7,7,0,5,0,0,2,63,0
FeatureAMP4_c.PlayerBar__3,TitleListener,class,2,3,1,0,6,0,1,1,0,0,0,0,0,13,0
FeatureAMP4_c.PlayerBar__3,PlayerBar,class,11,14,1,0,16,1,10,9,0,5,0,0,0,102,1
FeatureAMP4_c.PlayerBar__3,FeatureAmp,class,10,26,1,0,44,206,24,9,2,9,1,1,4,125,0
FeatureAMP4_c.PlayerBar__3,Mp3MetaFile,class,3,19,2,0,10,9,7,7,0,6,0,0,0,63,0
FeatureAMP4_c.PlayerBar__3,AudioFactory,class,7,24,3,0,14,45,10,3,10,1,0,1,8,82,0
FeatureAMP4_c.PlayerBar__3,Listener,interface,1,1,1,0,0,0,1,1,0,0,0,0,0,3,0
FeatureAMP4_c.PlayerBar__3,AudioFile,interface,2,8,1,0,0,28,8,8,0,0,0,0,0,10,0
FeatureAMP4_c.PlayerBar__3,MenuManager,class,1,15,1,0,19,25,10,7,0,3,0,0,3,69,0
FeatureAMP4_c.PlayerBar__3,ProgressBar,class,6,6,1,0,8,0,4,4,0,2,0,0,0,29,0
FeatureAMP4_c.PlayerBar__3,Mp3Controller,class,3,16,2,0,21,0,8,8,0,4,0,0,3,92,0
FeatureAMP4_c.PlayerBar__30,AudioController,interface,3,27,1,0,0,351,27,27,0,3,3,3,0,33,0
FeatureAMP4_c.PlayerBar__30,FeatureAmp,class,10,26,1,0,44,206,24,9,2,9,1,1,4,125,0
FeatureAMP4_c.PlayerBar__30,MenuManager,class,1,15,1,0,19,25,10,7,0,3,0,0,3,69,0
FeatureAMP4_c.PlayerBar__30,ProgressBar,class,6,6,1,0,8,0,4,4,0,2,0,0,0,29,0
FeatureAMP4_c.PlayerBar__30,OggMetaFile,class,3,18,2,0,6,11,7,7,0,5,0,0,2,63,0
FeatureAMP4_c.PlayerBar__30,Playlist,class,11,55,2,0,54,93,22,19,0,7,0,0,5,224,0
FeatureAMP4_c.PlayerBar__30,PlaylistTableModel,class,2,21,2,0,11,9,7,5,0,2,0,1,0,49,0
FeatureAMP4_c.PlayerBar__30,TitleTimeListener,class,5,4,1,0,9,0,2,2,0,1,0,0,0,22,0
FeatureAMP4_c.PlayerBar__30,AbstractAudioController,class,3,40,1,1,9,250,28,21,0,9,0,0,1,156,0
FeatureAMP4_c.PlayerBar__30,TitleListener,class,2,3,1,0,6,0,1,1,0,0,0,0,0,13,0
FeatureAMP4_c.PlayerBar__30,OggController,class,3,16,2,0,21,0,8,8,0,4,0,0,3,92,0
FeatureAMP4_c.PlayerBar__30,Listener,interface,1,1,1,0,0,0,1,1,0,0,0,0,0,3,0
FeatureAMP4_c.PlayerBar__30,AudioFile,interface,2,8,1,0,0,28,8,8,0,0,0,0,0,10,0
FeatureAMP4_c.PlayerBar__30,AbstractAudioFile,class,1,4,1,1,4,4,4,4,0,1,0,0,1,21,0
FeatureAMP4_c.PlayerBar__30,PlayerControl,class,9,33,1,0,21,0,14,10,0,9,4,4,1,138,0
FeatureAMP4_c.PlayerBar__30,AudioFactory,class,5,15,3,0,11,21,7,3,7,1,0,1,4,54,0
FeatureAMP4_c.PlayerBar__30,FinishedListener,interface,2,1,1,0,0,0,1,1,0,0,0,0,0,3,0
FeatureAMP4_c.PlayerBar__30,PlayerBar,class,11,14,1,0,16,1,10,9,0,5,0,0,0,102,1
FeatureAMP4_c.PlayerBar__31,AbstractAudioFile,class,1,4,1,1,4,4,4,4,0,1,0,0,1,21,0
FeatureAMP4_c.PlayerBar__31,AudioController,interface,3,27,1,0,0,351,27,27,0,3,3,3,0,33,0
FeatureAMP4_c.PlayerBar__31,FinishedListener,interface,2,1,1,0,0,0,1,1,0,0,0,0,0,3,0
FeatureAMP4_c.PlayerBar__31,AbstractAudioController,class,3,40,1,1,9,250,28,21,0,9,0,0,1,156,0
FeatureAMP4_c.PlayerBar__31,ProgressBar,class,6,6,1,0,8,0,4,4,0,2,0,0,0,29,0
FeatureAMP4_c.PlayerBar__31,TitleListener,class,2,3,1,0,6,0,1,1,0,0,0,0,0,13,0
FeatureAMP4_c.PlayerBar__31,OggController,class,3,16,2,0,21,0,8,8,0,4,0,0,3,92,0
FeatureAMP4_c.PlayerBar__31,Playlist,class,11,55,2,0,54,93,22,19,0,7,0,0,5,224,0
FeatureAMP4_c.PlayerBar__31,AudioFile,interface,2,8,1,0,0,28,8,8,0,0,0,0,0,10,0
FeatureAMP4_c.PlayerBar__31,AudioFactory,class,5,15,3,0,11,21,7,3,7,1,0,1,4,54,0
FeatureAMP4_c.PlayerBar__31,PlayerControl,class,2,14,1,0,14,1,6,3,0,3,0,0,0,50,0
FeatureAMP4_c.PlayerBar__31,PlaylistTableModel,class,2,21,2,0,11,9,7,5,0,2,0,1,0,49,0
FeatureAMP4_c.PlayerBar__31,TitleTimeListener,class,5,4,1,0,9,0,2,2,0,1,0,0,0,22,0
FeatureAMP4_c.PlayerBar__31,FeatureAmp,class,10,26,1,0,44,206,24,9,2,9,1,1,4,125,0
FeatureAMP4_c.PlayerBar__31,Listener,interface,1,1,1,0,0,0,1,1,0,0,0,0,0,3,0
FeatureAMP4_c.PlayerBar__31,MenuManager,class,1,15,1,0,19,25,10,7,0,3,0,0,3,69,0
FeatureAMP4_c.PlayerBar__31,OggMetaFile,class,3,18,2,0,6,11,7,7,0,5,0,0,2,63,0
FeatureAMP4_c.PlayerBar__31,PlayerBar,class,11,14,1,0,16,1,10,9,0,5,0,0,0,102,1
FeatureAMP4_c.PlayerBar__32,AudioFactory,class,5,15,3,0,11,21,7,3,7,1,0,1,4,54,0
FeatureAMP4_c.PlayerBar__32,Listener,interface,1,1,1,0,0,0,1,1,0,0,0,0,0,3,0
FeatureAMP4_c.PlayerBar__32,PlayerControl,class,8,23,1,0,18,0,12,9,0,8,4,4,1,110,0
FeatureAMP4_c.PlayerBar__32,TitleTimeListener,class,5,4,1,0,9,0,2,2,0,1,0,0,0,22,0
FeatureAMP4_c.PlayerBar__32,PlaylistTableModel,class,2,21,2,0,11,9,7,5,0,2,0,1,0,49,0
FeatureAMP4_c.PlayerBar__32,AbstractAudioController,class,3,40,1,1,9,250,28,21,0,9,0,0,1,156,0
FeatureAMP4_c.PlayerBar__32,TitleListener,class,2,3,1,0,6,0,1,1,0,0,0,0,0,13,0
FeatureAMP4_c.PlayerBar__32,AbstractAudioFile,class,1,4,1,1,4,4,4,4,0,1,0,0,1,21,0
FeatureAMP4_c.PlayerBar__32,FeatureAmp,class,10,26,1,0,44,206,24,9,2,9,1,1,4,125,0
FeatureAMP4_c.PlayerBar__32,PlayerBar,class,11,14,1,0,16,1,10,9,0,5,0,0,0,102,1
FeatureAMP4_c.PlayerBar__32,OggController,class,3,16,2,0,21,0,8,8,0,4,0,0,3,92,0
FeatureAMP4_c.PlayerBar__32,AudioController,interface,3,27,1,0,0,351,27,27,0,3,3,3,0,33,0
FeatureAMP4_c.PlayerBar__32,AudioFile,interface,2,8,1,0,0,28,8,8,0,0,0,0,0,10,0
FeatureAMP4_c.PlayerBar__32,MenuManager,class,1,15,1,0,19,25,10,7,0,3,0,0,3,69,0
FeatureAMP4_c.PlayerBar__32,ProgressBar,class,6,6,1,0,8,0,4,4,0,2,0,0,0,29,0
FeatureAMP4_c.PlayerBar__32,FinishedListener,interface,2,1,1,0,0,0,1,1,0,0,0,0,0,3,0
FeatureAMP4_c.PlayerBar__32,OggMetaFile,class,3,18,2,0,6,11,7,7,0,5,0,0,2,63,0
FeatureAMP4_c.PlayerBar__32,Playlist,class,11,55,2,0,54,93,22,19,0,7,0,0,5,224,0
FeatureAMP4_c.PlayerBar__33,Playlist,class,11,55,2,0,54,93,22,19,0,7,0,0,5,224,0
FeatureAMP4_c.PlayerBar__33,PlayerControl,class,14,71,1,0,38,0,21,13,0,12,4,4,1,237,0
FeatureAMP4_c.PlayerBar__33,AbstractAudioFile,class,1,4,1,1,4,4,4,4,0,1,0,0,1,21,0
FeatureAMP4_c.PlayerBar__33,FeatureAmp,class,10,26,1,0,44,206,24,9,2,9,1,1,4,125,0
FeatureAMP4_c.PlayerBar__33,Mp3MetaFile,class,3,19,2,0,10,9,7,7,0,6,0,0,0,63,0
FeatureAMP4_c.PlayerBar__33,AbstractAudioController,class,3,40,1,1,9,250,28,21,0,9,0,0,1,156,0
FeatureAMP4_c.PlayerBar__33,TitleListener,class,2,3,1,0,6,0,1,1,0,0,0,0,0,13,0
FeatureAMP4_c.PlayerBar__33,PlayerBar,class,11,14,1,0,16,1,10,9,0,5,0,0,0,102,1
FeatureAMP4_c.PlayerBar__33,ProgressBar,class,6,6,1,0,8,0,4,4,0,2,0,0,0,29,0
FeatureAMP4_c.PlayerBar__33,MenuManager,class,1,15,1,0,19,25,10,7,0,3,0,0,3,69,0
FeatureAMP4_c.PlayerBar__33,Listener,interface,1,1,1,0,0,0,1,1,0,0,0,0,0,3,0
FeatureAMP4_c.PlayerBar__33,AudioFile,interface,2,8,1,0,0,28,8,8,0,0,0,0,0,10,0
FeatureAMP4_c.PlayerBar__33,Mp3Controller,class,3,16,2,0,21,0,8,8,0,4,0,0,3,92,0
FeatureAMP4_c.PlayerBar__33,TitleTimeListener,class,5,4,1,0,9,0,2,2,0,1,0,0,0,22,0
FeatureAMP4_c.PlayerBar__33,FinishedListener,interface,2,1,1,0,0,0,1,1,0,0,0,0,0,3,0
FeatureAMP4_c.PlayerBar__33,PlaylistTableModel,class,2,21,2,0,11,9,7,5,0,2,0,1,0,49,0
FeatureAMP4_c.PlayerBar__33,AudioFactory,class,5,15,3,0,11,21,7,3,7,1,0,1,4,54,0
FeatureAMP4_c.PlayerBar__33,AudioController,interface,3,27,1,0,0,351,27,27,0,3,3,3,0,33,0
FeatureAMP4_c.PlayerBar__34,Mp3MetaFile,class,3,19,2,0,10,9,7,7,0,6,0,0,0,63,0
FeatureAMP4_c.PlayerBar__34,FeatureAmp,class,10,26,1,0,44,206,24,9,2,9,1,1,4,125,0
FeatureAMP4_c.PlayerBar__34,PlayerControl,class,15,76,2,0,39,0,23,14,0,13,4,4,1,256,0
FeatureAMP4_c.PlayerBar__34,AudioFile,interface,2,8,1,0,0,28,8,8,0,0,0,0,0,10,0
FeatureAMP4_c.PlayerBar__34,TitleTimeListener,class,5,4,1,0,9,0,2,2,0,1,0,0,0,22,0
FeatureAMP4_c.PlayerBar__34,AudioController,interface,3,27,1,0,0,351,27,27,0,3,3,3,0,33,0
FeatureAMP4_c.PlayerBar__34,MenuManager,class,1,15,1,0,19,25,10,7,0,3,0,0,3,69,0
FeatureAMP4_c.PlayerBar__34,AudioFactory,class,5,15,3,0,11,21,7,3,7,1,0,1,4,54,0
FeatureAMP4_c.PlayerBar__34,FinishedListener,interface,2,1,1,0,0,0,1,1,0,0,0,0,0,3,0
FeatureAMP4_c.PlayerBar__34,AbstractAudioController,class,3,40,1,1,9,250,28,21,0,9,0,0,1,156,0
FeatureAMP4_c.PlayerBar__34,TitleListener,class,2,3,1,0,6,0,1,1,0,0,0,0,0,13,0
FeatureAMP4_c.PlayerBar__34,AbstractAudioFile,class,1,4,1,1,4,4,4,4,0,1,0,0,1,21,0
FeatureAMP4_c.PlayerBar__34,Mp3Controller,class,3,16,2,0,21,0,8,8,0,4,0,0,3,92,0
FeatureAMP4_c.PlayerBar__34,Playlist,class,11,55,2,0,54,93,22,19,0,7,0,0,5,224,0
FeatureAMP4_c.PlayerBar__34,PlaylistTableModel,class,2,21,2,0,11,9,7,5,0,2,0,1,0,49,0
FeatureAMP4_c.PlayerBar__34,Listener,interface,1,1,1,0,0,0,1,1,0,0,0,0,0,3,0
FeatureAMP4_c.PlayerBar__34,ProgressBar,class,6,6,1,0,8,0,4,4,0,2,0,0,0,29,0
FeatureAMP4_c.PlayerBar__34,PlayerBar,class,11,14,1,0,16,1,10,9,0,5,0,0,0,102,1
FeatureAMP4_c.PlayerBar__35,Listener,interface,1,1,1,0,0,0,1,1,0,0,0,0,0,3,0
FeatureAMP4_c.PlayerBar__35,PlayerControl,class,7,52,1,0,31,6,13,6,0,6,0,0,0,149,0
FeatureAMP4_c.PlayerBar__35,MenuManager,class,1,15,1,0,19,25,10,7,0,3,0,0,3,69,0
FeatureAMP4_c.PlayerBar__35,ProgressBar,class,6,6,1,0,8,0,4,4,0,2,0,0,0,29,0
FeatureAMP4_c.PlayerBar__35,AudioFile,interface,2,8,1,0,0,28,8,8,0,0,0,0,0,10,0
FeatureAMP4_c.PlayerBar__35,PlaylistTableModel,class,2,21,2,0,11,9,7,5,0,2,0,1,0,49,0
FeatureAMP4_c.PlayerBar__35,AbstractAudioFile,class,1,4,1,1,4,4,4,4,0,1,0,0,1,21,0
FeatureAMP4_c.PlayerBar__35,TitleTimeListener,class,5,4,1,0,9,0,2,2,0,1,0,0,0,22,0
FeatureAMP4_c.PlayerBar__35,TitleListener,class,2,3,1,0,6,0,1,1,0,0,0,0,0,13,0
FeatureAMP4_c.PlayerBar__35,Mp3MetaFile,class,3,19,2,0,10,9,7,7,0,6,0,0,0,63,0
FeatureAMP4_c.PlayerBar__35,FeatureAmp,class,10,26,1,0,44,206,24,9,2,9,1,1,4,125,0
FeatureAMP4_c.PlayerBar__35,AbstractAudioController,class,3,40,1,1,9,250,28,21,0,9,0,0,1,156,0
FeatureAMP4_c.PlayerBar__35,AudioController,interface,3,27,1,0,0,351,27,27,0,3,3,3,0,33,0
FeatureAMP4_c.PlayerBar__35,Mp3Controller,class,3,16,2,0,21,0,8,8,0,4,0,0,3,92,0
FeatureAMP4_c.PlayerBar__35,AudioFactory,class,5,15,3,0,11,21,7,3,7,1,0,1,4,54,0
FeatureAMP4_c.PlayerBar__35,PlayerBar,class,11,14,1,0,16,1,10,9,0,5,0,0,0,102,1
FeatureAMP4_c.PlayerBar__35,Playlist,class,11,55,2,0,54,93,22,19,0,7,0,0,5,224,0
FeatureAMP4_c.PlayerBar__35,FinishedListener,interface,2,1,1,0,0,0,1,1,0,0,0,0,0,3,0
FeatureAMP4_c.PlayerBar__36,AudioFile,interface,2,8,1,0,0,28,8,8,0,0,0,0,0,10,0
FeatureAMP4_c.PlayerBar__36,AbstractAudioController,class,3,40,1,1,9,250,28,21,0,9,0,0,1,156,0
FeatureAMP4_c.PlayerBar__36,Playlist,class,11,55,2,0,54,93,22,19,0,7,0,0,5,224,0
FeatureAMP4_c.PlayerBar__36,AudioController,interface,3,27,1,0,0,351,27,27,0,3,3,3,0,33,0
FeatureAMP4_c.PlayerBar__36,PlayerControl,class,8,57,2,0,32,7,15,7,0,7,0,0,0,168,0
FeatureAMP4_c.PlayerBar__36,MenuManager,class,1,15,1,0,19,25,10,7,0,3,0,0,3,69,0
FeatureAMP4_c.PlayerBar__36,ProgressBar,class,6,6,1,0,8,0,4,4,0,2,0,0,0,29,0
FeatureAMP4_c.PlayerBar__36,AudioFactory,class,5,15,3,0,11,21,7,3,7,1,0,1,4,54,0
FeatureAMP4_c.PlayerBar__36,TitleListener,class,2,3,1,0,6,0,1,1,0,0,0,0,0,13,0
FeatureAMP4_c.PlayerBar__36,FinishedListener,interface,2,1,1,0,0,0,1,1,0,0,0,0,0,3,0
FeatureAMP4_c.PlayerBar__36,FeatureAmp,class,10,26,1,0,44,206,24,9,2,9,1,1,4,125,0
FeatureAMP4_c.PlayerBar__36,PlaylistTableModel,class,2,21,2,0,11,9,7,5,0,2,0,1,0,49,0
FeatureAMP4_c.PlayerBar__36,Listener,interface,1,1,1,0,0,0,1,1,0,0,0,0,0,3,0
FeatureAMP4_c.PlayerBar__36,Mp3MetaFile,class,3,19,2,0,10,9,7,7,0,6,0,0,0,63,0
FeatureAMP4_c.PlayerBar__36,Mp3Controller,class,3,16,2,0,21,0,8,8,0,4,0,0,3,92,0
FeatureAMP4_c.PlayerBar__36,TitleTimeListener,class,5,4,1,0,9,0,2,2,0,1,0,0,0,22,0
FeatureAMP4_c.PlayerBar__36,AbstractAudioFile,class,1,4,1,1,4,4,4,4,0,1,0,0,1,21,0
FeatureAMP4_c.PlayerBar__36,PlayerBar,class,11,14,1,0,16,1,10,9,0,5,0,0,0,102,1
FeatureAMP4_c.PlayerBar__37,AbstractAudioController,class,3,40,1,1,9,250,28,21,0,9,0,0,1,156,0
FeatureAMP4_c.PlayerBar__37,AudioFile,interface,2,8,1,0,0,28,8,8,0,0,0,0,0,10,0
FeatureAMP4_c.PlayerBar__37,PlaylistTableModel,class,2,21,2,0,11,9,7,5,0,2,0,1,0,49,0
FeatureAMP4_c.PlayerBar__37,TitleListener,class,2,3,1,0,6,0,1,1,0,0,0,0,0,13,0
FeatureAMP4_c.PlayerBar__37,PlayerBar,class,11,14,1,0,16,1,10,9,0,5,0,0,0,102,1
FeatureAMP4_c.PlayerBar__37,TitleTimeListener,class,5,4,1,0,9,0,2,2,0,1,0,0,0,22,0
FeatureAMP4_c.PlayerBar__37,ProgressBar,class,6,6,1,0,8,0,4,4,0,2,0,0,0,29,0
FeatureAMP4_c.PlayerBar__37,Mp3Controller,class,3,16,2,0,21,0,8,8,0,4,0,0,3,92,0
FeatureAMP4_c.PlayerBar__37,AbstractAudioFile,class,1,4,1,1,4,4,4,4,0,1,0,0,1,21,0
FeatureAMP4_c.PlayerBar__37,Playlist,class,11,55,2,0,54,93,22,19,0,7,0,0,5,224,0
FeatureAMP4_c.PlayerBar__37,AudioFactory,class,5,15,3,0,11,21,7,3,7,1,0,1,4,54,0
FeatureAMP4_c.PlayerBar__37,FinishedListener,interface,2,1,1,0,0,0,1,1,0,0,0,0,0,3,0
FeatureAMP4_c.PlayerBar__37,PlayerControl,class,13,61,1,0,35,0,19,12,0,11,4,4,1,209,0
FeatureAMP4_c.PlayerBar__37,Listener,interface,1,1,1,0,0,0,1,1,0,0,0,0,0,3,0
FeatureAMP4_c.PlayerBar__37,MenuManager,class,1,15,1,0,19,25,10,7,0,3,0,0,3,69,0
FeatureAMP4_c.PlayerBar__37,Mp3MetaFile,class,3,19,2,0,10,9,7,7,0,6,0,0,0,63,0
FeatureAMP4_c.PlayerBar__37,AudioController,interface,3,27,1,0,0,351,27,27,0,3,3,3,0,33,0
FeatureAMP4_c.PlayerBar__37,FeatureAmp,class,10,26,1,0,44,206,24,9,2,9,1,1,4,125,0
FeatureAMP4_c.PlayerBar__38,PlayerBar,class,11,14,1,0,16,1,10,9,0,5,0,0,0,102,1
FeatureAMP4_c.PlayerBar__38,TitleListener,class,2,3,1,0,6,0,1,1,0,0,0,0,0,13,0
FeatureAMP4_c.PlayerBar__38,AbstractAudioController,class,3,40,1,1,9,250,28,21,0,9,0,0,1,156,0
FeatureAMP4_c.PlayerBar__38,FeatureAmp,class,10,26,1,0,44,206,24,9,2,9,1,1,4,125,0
FeatureAMP4_c.PlayerBar__38,Listener,interface,1,1,1,0,0,0,1,1,0,0,0,0,0,3,0
FeatureAMP4_c.PlayerBar__38,AbstractAudioFile,class,1,4,1,1,4,4,4,4,0,1,0,0,1,21,0
FeatureAMP4_c.PlayerBar__38,AudioFile,interface,2,8,1,0,0,28,8,8,0,0,0,0,0,10,0
FeatureAMP4_c.PlayerBar__38,FinishedListener,interface,2,1,1,0,0,0,1,1,0,0,0,0,0,3,0
FeatureAMP4_c.PlayerBar__38,ProgressBar,class,6,6,1,0,8,0,4,4,0,2,0,0,0,29,0
FeatureAMP4_c.PlayerBar__38,PlaylistTableModel,class,2,21,2,0,11,9,7,5,0,2,0,1,0,49,0
FeatureAMP4_c.PlayerBar__38,Playlist,class,11,55,2,0,54,93,22,19,0,7,0,0,5,224,0
FeatureAMP4_c.PlayerBar__38,AudioFactory,class,5,15,3,0,11,21,7,3,7,1,0,1,4,54,0
FeatureAMP4_c.PlayerBar__38,Mp3Controller,class,3,16,2,0,21,0,8,8,0,4,0,0,3,92,0
FeatureAMP4_c.PlayerBar__38,AudioController,interface,3,27,1,0,0,351,27,27,0,3,3,3,0,33,0
FeatureAMP4_c.PlayerBar__38,TitleTimeListener,class,5,4,1,0,9,0,2,2,0,1,0,0,0,22,0
FeatureAMP4_c.PlayerBar__38,Mp3MetaFile,class,3,19,2,0,10,9,7,7,0,6,0,0,0,63,0
FeatureAMP4_c.PlayerBar__38,PlayerControl,class,12,46,2,0,33,0,17,11,0,10,4,4,1,176,0
FeatureAMP4_c.PlayerBar__38,MenuManager,class,1,15,1,0,19,25,10,7,0,3,0,0,3,69,0
FeatureAMP4_c.PlayerBar__39,AbstractAudioController,class,3,40,1,1,9,250,28,21,0,9,0,0,1,156,0
FeatureAMP4_c.PlayerBar__39,PlaylistTableModel,class,2,21,2,0,11,9,7,5,0,2,0,1,0,49,0
FeatureAMP4_c.PlayerBar__39,TitleListener,class,2,3,1,0,6,0,1,1,0,0,0,0,0,13,0
FeatureAMP4_c.PlayerBar__39,FinishedListener,interface,2,1,1,0,0,0,1,1,0,0,0,0,0,3,0
FeatureAMP4_c.PlayerBar__39,MenuManager,class,1,15,1,0,19,25,10,7,0,3,0,0,3,69,0
FeatureAMP4_c.PlayerBar__39,PlayerBar,class,11,14,1,0,16,1,10,9,0,5,0,0,0,102,1
FeatureAMP4_c.PlayerBar__39,ProgressBar,class,6,6,1,0,8,0,4,4,0,2,0,0,0,29,0
FeatureAMP4_c.PlayerBar__39,Listener,interface,1,1,1,0,0,0,1,1,0,0,0,0,0,3,0
FeatureAMP4_c.PlayerBar__39,Mp3MetaFile,class,3,19,2,0,10,9,7,7,0,6,0,0,0,63,0
FeatureAMP4_c.PlayerBar__39,TitleTimeListener,class,5,4,1,0,9,0,2,2,0,1,0,0,0,22,0
FeatureAMP4_c.PlayerBar__39,Mp3Controller,class,3,16,2,0,21,0,8,8,0,4,0,0,3,92,0
FeatureAMP4_c.PlayerBar__39,AudioFactory,class,5,15,3,0,11,21,7,3,7,1,0,1,4,54,0
FeatureAMP4_c.PlayerBar__39,AudioFile,interface,2,8,1,0,0,28,8,8,0,0,0,0,0,10,0
FeatureAMP4_c.PlayerBar__39,FeatureAmp,class,10,26,1,0,44,206,24,9,2,9,1,1,4,125,0
FeatureAMP4_c.PlayerBar__39,AudioController,interface,3,27,1,0,0,351,27,27,0,3,3,3,0,33,0
FeatureAMP4_c.PlayerBar__39,Playlist,class,11,55,2,0,54,93,22,19,0,7,0,0,5,224,0
FeatureAMP4_c.PlayerBar__39,AbstractAudioFile,class,1,4,1,1,4,4,4,4,0,1,0,0,1,21,0
FeatureAMP4_c.PlayerBar__39,PlayerControl,class,4,22,1,0,23,3,7,3,0,3,0,0,0,69,0
FeatureAMP4_c.PlayerBar__4,FinishedListener,interface,2,1,1,0,0,0,1,1,0,0,0,0,0,3,0
FeatureAMP4_c.PlayerBar__4,Listener,interface,1,1,1,0,0,0,1,1,0,0,0,0,0,3,0
FeatureAMP4_c.PlayerBar__4,AbstractAudioController,class,3,40,1,2,9,250,28,21,0,9,0,0,1,156,0
FeatureAMP4_c.PlayerBar__4,FeatureAmp,class,10,26,1,0,44,206,24,9,2,9,1,1,4,125,0
FeatureAMP4_c.PlayerBar__4,AbstractAudioFile,class,1,4,1,2,4,4,4,4,0,1,0,0,1,21,0
FeatureAMP4_c.PlayerBar__4,AudioFile,interface,2,8,1,0,0,28,8,8,0,0,0,0,0,10,0
FeatureAMP4_c.PlayerBar__4,PlayerControl,class,13,53,1,0,29,0,18,12,0,11,4,4,1,191,0
FeatureAMP4_c.PlayerBar__4,AudioFactory,class,7,24,3,0,14,45,10,3,10,1,0,1,8,82,0
FeatureAMP4_c.PlayerBar__4,MenuManager,class,1,15,1,0,19,25,10,7,0,3,0,0,3,69,0
FeatureAMP4_c.PlayerBar__4,Mp3MetaFile,class,3,19,2,0,10,9,7,7,0,6,0,0,0,63,0
FeatureAMP4_c.PlayerBar__4,OggController,class,3,16,2,0,21,0,8,8,0,4,0,0,3,92,0
FeatureAMP4_c.PlayerBar__4,AudioController,interface,3,27,1,0,0,351,27,27,0,3,3,3,0,33,0
FeatureAMP4_c.PlayerBar__4,TitleListener,class,2,3,1,0,6,0,1,1,0,0,0,0,0,13,0
FeatureAMP4_c.PlayerBar__4,PlayerBar,class,11,14,1,0,16,1,10,9,0,5,0,0,0,102,1
FeatureAMP4_c.PlayerBar__4,Playlist,class,11,55,2,0,54,93,22,19,0,7,0,0,5,224,0
FeatureAMP4_c.PlayerBar__4,PlaylistTableModel,class,2,21,2,0,11,9,7,5,0,2,0,1,0,49,0
FeatureAMP4_c.PlayerBar__4,OggMetaFile,class,3,18,2,0,6,11,7,7,0,5,0,0,2,63,0
FeatureAMP4_c.PlayerBar__4,TitleTimeListener,class,5,4,1,0,9,0,2,2,0,1,0,0,0,22,0
FeatureAMP4_c.PlayerBar__4,Mp3Controller,class,3,16,2,0,21,0,8,8,0,4,0,0,3,92,0
FeatureAMP4_c.PlayerBar__4,ProgressBar,class,6,6,1,0,8,0,4,4,0,2,0,0,0,29,0
FeatureAMP4_c.PlayerBar__40,PlayerBar,class,11,14,1,0,16,1,10,9,0,5,0,0,0,102,1
FeatureAMP4_c.PlayerBar__40,PlayerControl,class,5,27,2,0,24,4,9,4,0,4,0,0,0,88,0
FeatureAMP4_c.PlayerBar__40,AbstractAudioFile,class,1,4,1,1,4,4,4,4,0,1,0,0,1,21,0
FeatureAMP4_c.PlayerBar__40,PlaylistTableModel,class,2,21,2,0,11,9,7,5,0,2,0,1,0,49,0
FeatureAMP4_c.PlayerBar__40,Playlist,class,11,55,2,0,54,93,22,19,0,7,0,0,5,224,0
FeatureAMP4_c.PlayerBar__40,FinishedListener,interface,2,1,1,0,0,0,1,1,0,0,0,0,0,3,0
FeatureAMP4_c.PlayerBar__40,Listener,interface,1,1,1,0,0,0,1,1,0,0,0,0,0,3,0
FeatureAMP4_c.PlayerBar__40,FeatureAmp,class,10,26,1,0,44,206,24,9,2,9,1,1,4,125,0
FeatureAMP4_c.PlayerBar__40,MenuManager,class,1,15,1,0,19,25,10,7,0,3,0,0,3,69,0
FeatureAMP4_c.PlayerBar__40,Mp3MetaFile,class,3,19,2,0,10,9,7,7,0,6,0,0,0,63,0
FeatureAMP4_c.PlayerBar__40,AbstractAudioController,class,3,40,1,1,9,250,28,21,0,9,0,0,1,156,0
FeatureAMP4_c.PlayerBar__40,Mp3Controller,class,3,16,2,0,21,0,8,8,0,4,0,0,3,92,0
FeatureAMP4_c.PlayerBar__40,TitleTimeListener,class,5,4,1,0,9,0,2,2,0,1,0,0,0,22,0
FeatureAMP4_c.PlayerBar__40,AudioController,interface,3,27,1,0,0,351,27,27,0,3,3,3,0,33,0
FeatureAMP4_c.PlayerBar__40,AudioFactory,class,5,15,3,0,11,21,7,3,7,1,0,1,4,54,0
FeatureAMP4_c.PlayerBar__40,AudioFile,interface,2,8,1,0,0,28,8,8,0,0,0,0,0,10,0
FeatureAMP4_c.PlayerBar__40,ProgressBar,class,6,6,1,0,8,0,4,4,0,2,0,0,0,29,0
FeatureAMP4_c.PlayerBar__40,TitleListener,class,2,3,1,0,6,0,1,1,0,0,0,0,0,13,0
FeatureAMP4_c.PlayerBar__41,TitleTimeListener,class,5,4,1,0,9,0,2,2,0,1,0,0,0,22,0
FeatureAMP4_c.PlayerBar__41,Listener,interface,1,1,1,0,0,0,1,1,0,0,0,0,0,3,0
FeatureAMP4_c.PlayerBar__41,Mp3MetaFile,class,3,19,2,0,10,9,7,7,0,6,0,0,0,63,0
FeatureAMP4_c.PlayerBar__41,PlayerBar,class,11,14,1,0,16,1,10,9,0,5,0,0,0,102,1
FeatureAMP4_c.PlayerBar__41,FeatureAmp,class,10,26,1,0,44,206,24,9,2,9,1,1,4,125,0
FeatureAMP4_c.PlayerBar__41,PlayerControl,class,9,33,1,0,21,0,14,10,0,9,4,4,1,138,0
FeatureAMP4_c.PlayerBar__41,AudioFactory,class,5,15,3,0,11,21,7,3,7,1,0,1,4,54,0
FeatureAMP4_c.PlayerBar__41,MenuManager,class,1,15,1,0,19,25,10,7,0,3,0,0,3,69,0
FeatureAMP4_c.PlayerBar__41,AbstractAudioController,class,3,40,1,1,9,250,28,21,0,9,0,0,1,156,0
FeatureAMP4_c.PlayerBar__41,Playlist,class,11,55,2,0,54,93,22,19,0,7,0,0,5,224,0
FeatureAMP4_c.PlayerBar__41,Mp3Controller,class,3,16,2,0,21,0,8,8,0,4,0,0,3,92,0
FeatureAMP4_c.PlayerBar__41,FinishedListener,interface,2,1,1,0,0,0,1,1,0,0,0,0,0,3,0
FeatureAMP4_c.PlayerBar__41,AbstractAudioFile,class,1,4,1,1,4,4,4,4,0,1,0,0,1,21,0
FeatureAMP4_c.PlayerBar__41,PlaylistTableModel,class,2,21,2,0,11,9,7,5,0,2,0,1,0,49,0
FeatureAMP4_c.PlayerBar__41,ProgressBar,class,6,6,1,0,8,0,4,4,0,2,0,0,0,29,0
FeatureAMP4_c.PlayerBar__41,TitleListener,class,2,3,1,0,6,0,1,1,0,0,0,0,0,13,0
FeatureAMP4_c.PlayerBar__41,AudioController,interface,3,27,1,0,0,351,27,27,0,3,3,3,0,33,0
FeatureAMP4_c.PlayerBar__41,AudioFile,interface,2,8,1,0,0,28,8,8,0,0,0,0,0,10,0
FeatureAMP4_c.PlayerBar__42,TitleListener,class,2,3,1,0,6,0,1,1,0,0,0,0,0,13,0
FeatureAMP4_c.PlayerBar__42,Mp3MetaFile,class,3,19,2,0,10,9,7,7,0,6,0,0,0,63,0
FeatureAMP4_c.PlayerBar__42,AbstractAudioFile,class,1,4,1,1,4,4,4,4,0,1,0,0,1,21,0
FeatureAMP4_c.PlayerBar__42,AudioController,interface,3,27,1,0,0,351,27,27,0,3,3,3,0,33,0
FeatureAMP4_c.PlayerBar__42,FinishedListener,interface,2,1,1,0,0,0,1,1,0,0,0,0,0,3,0
FeatureAMP4_c.PlayerBar__42,MenuManager,class,1,15,1,0,19,25,10,7,0,3,0,0,3,69,0
FeatureAMP4_c.PlayerBar__42,ProgressBar,class,6,6,1,0,8,0,4,4,0,2,0,0,0,29,0
FeatureAMP4_c.PlayerBar__42,Listener,interface,1,1,1,0,0,0,1,1,0,0,0,0,0,3,0
FeatureAMP4_c.PlayerBar__42,AudioFactory,class,5,15,3,0,11,21,7,3,7,1,0,1,4,54,0
FeatureAMP4_c.PlayerBar__42,PlayerControl,class,2,14,1,0,14,1,6,3,0,3,0,0,0,50,0
FeatureAMP4_c.PlayerBar__42,PlaylistTableModel,class,2,21,2,0,11,9,7,5,0,2,0,1,0,49,0
FeatureAMP4_c.PlayerBar__42,AbstractAudioController,class,3,40,1,1,9,250,28,21,0,9,0,0,1,156,0
FeatureAMP4_c.PlayerBar__42,Mp3Controller,class,3,16,2,0,21,0,8,8,0,4,0,0,3,92,0
FeatureAMP4_c.PlayerBar__42,TitleTimeListener,class,5,4,1,0,9,0,2,2,0,1,0,0,0,22,0
FeatureAMP4_c.PlayerBar__42,FeatureAmp,class,10,26,1,0,44,206,24,9,2,9,1,1,4,125,0
FeatureAMP4_c.PlayerBar__42,PlayerBar,class,11,14,1,0,16,1,10,9,0,5,0,0,0,102,1
FeatureAMP4_c.PlayerBar__42,Playlist,class,11,55,2,0,54,93,22,19,0,7,0,0,5,224,0
FeatureAMP4_c.PlayerBar__42,AudioFile,interface,2,8,1,0,0,28,8,8,0,0,0,0,0,10,0
FeatureAMP4_c.PlayerBar__43,MenuManager,class,1,15,1,0,19,25,10,7,0,3,0,0,3,69,0
FeatureAMP4_c.PlayerBar__43,ProgressBar,class,6,6,1,0,8,0,4,4,0,2,0,0,0,29,0
FeatureAMP4_c.PlayerBar__43,TitleTimeListener,class,5,4,1,0,9,0,2,2,0,1,0,0,0,22,0
FeatureAMP4_c.PlayerBar__43,Mp3Controller,class,3,16,2,0,21,0,8,8,0,4,0,0,3,92,0
FeatureAMP4_c.PlayerBar__43,Playlist,class,11,55,2,0,54,93,22,19,0,7,0,0,5,224,0
FeatureAMP4_c.PlayerBar__43,AudioController,interface,3,27,1,0,0,351,27,27,0,3,3,3,0,33,0
FeatureAMP4_c.PlayerBar__43,FeatureAmp,class,10,26,1,0,44,206,24,9,2,9,1,1,4,125,0
FeatureAMP4_c.PlayerBar__43,Listener,interface,1,1,1,0,0,0,1,1,0,0,0,0,0,3,0
FeatureAMP4_c.PlayerBar__43,PlaylistTableModel,class,2,21,2,0,11,9,7,5,0,2,0,1,0,49,0
FeatureAMP4_c.PlayerBar__43,AbstractAudioController,class,3,40,1,1,9,250,28,21,0,9,0,0,1,156,0
FeatureAMP4_c.PlayerBar__43,FinishedListener,interface,2,1,1,0,0,0,1,1,0,0,0,0,0,3,0
FeatureAMP4_c.PlayerBar__43,PlayerControl,class,8,23,1,0,18,0,12,9,0,8,4,4,1,110,0
FeatureAMP4_c.PlayerBar__43,AbstractAudioFile,class,1,4,1,1,4,4,4,4,0,1,0,0,1,21,0
FeatureAMP4_c.PlayerBar__43,Mp3MetaFile,class,3,19,2,0,10,9,7,7,0,6,0,0,0,63,0
FeatureAMP4_c.PlayerBar__43,AudioFactory,class,5,15,3,0,11,21,7,3,7,1,0,1,4,54,0
FeatureAMP4_c.PlayerBar__43,PlayerBar,class,11,14,1,0,16,1,10,9,0,5,0,0,0,102,1
FeatureAMP4_c.PlayerBar__43,TitleListener,class,2,3,1,0,6,0,1,1,0,0,0,0,0,13,0
FeatureAMP4_c.PlayerBar__43,AudioFile,interface,2,8,1,0,0,28,8,8,0,0,0,0,0,10,0
FeatureAMP4_c.PlayerBar__44,PlaylistTableModel,class,2,21,2,0,11,9,7,5,0,2,0,1,0,49,0
FeatureAMP4_c.PlayerBar__44,FeatureAmp,class,10,26,1,0,44,206,24,9,2,9,1,1,4,125,0
FeatureAMP4_c.PlayerBar__44,AbstractAudioFile,class,1,4,1,1,4,4,4,4,0,1,0,0,1,21,0
FeatureAMP4_c.PlayerBar__44,Mp3Controller,class,3,16,2,0,21,0,8,8,0,4,0,0,3,92,0
FeatureAMP4_c.PlayerBar__44,AudioController,interface,3,27,1,0,0,351,27,27,0,3,3,3,0,33,0
FeatureAMP4_c.PlayerBar__44,ProgressBar,class,6,6,1,0,8,0,4,4,0,2,0,0,0,29,0
FeatureAMP4_c.PlayerBar__44,AudioFactory,class,5,15,3,0,11,21,7,3,7,1,0,1,4,54,0
FeatureAMP4_c.PlayerBar__44,Mp3MetaFile,class,3,19,2,0,10,9,7,7,0,6,0,0,0,63,0
FeatureAMP4_c.PlayerBar__44,AudioFile,interface,2,8,1,0,0,28,8,8,0,0,0,0,0,10,0
FeatureAMP4_c.PlayerBar__44,PlayerControl,class,1,4,1,0,4,0,4,2,0,2,0,0,0,20,0
FeatureAMP4_c.PlayerBar__44,AbstractAudioController,class,3,40,1,1,9,250,28,21,0,9,0,0,1,156,0
FeatureAMP4_c.PlayerBar__44,TitleTimeListener,class,5,4,1,0,9,0,2,2,0,1,0,0,0,22,0
FeatureAMP4_c.PlayerBar__44,Playlist,class,11,55,2,0,54,93,22,19,0,7,0,0,5,224,0
FeatureAMP4_c.PlayerBar__44,MenuManager,class,1,15,1,0,19,25,10,7,0,3,0,0,3,69,0
FeatureAMP4_c.PlayerBar__44,FinishedListener,interface,2,1,1,0,0,0,1,1,0,0,0,0,0,3,0
FeatureAMP4_c.PlayerBar__44,PlayerBar,class,11,14,1,0,16,1,10,9,0,5,0,0,0,102,1
FeatureAMP4_c.PlayerBar__44,TitleListener,class,2,3,1,0,6,0,1,1,0,0,0,0,0,13,0
FeatureAMP4_c.PlayerBar__44,Listener,interface,1,1,1,0,0,0,1,1,0,0,0,0,0,3,0
FeatureAMP4_c.PlayerBar__45,Listener,interface,1,1,1,0,0,0,1,1,0,0,0,0,0,3,0
FeatureAMP4_c.PlayerBar__45,Mp3Controller,class,3,16,2,0,21,0,8,8,0,4,0,0,3,92,0
FeatureAMP4_c.PlayerBar__45,TitleTimeListener,class,5,4,1,0,9,0,2,2,0,1,0,0,0,22,0
FeatureAMP4_c.PlayerBar__45,FinishedListener,interface,2,1,1,0,0,0,1,1,0,0,0,0,0,3,0
FeatureAMP4_c.PlayerBar__45,FeatureAmp,class,10,26,1,0,44,206,24,9,2,9,1,1,4,125,0
FeatureAMP4_c.PlayerBar__45,MenuManager,class,1,15,1,0,19,25,10,7,0,3,0,0,3,69,0
FeatureAMP4_c.PlayerBar__45,PlayerControl,class,12,51,1,0,35,0,17,11,0,10,4,4,1,185,0
FeatureAMP4_c.PlayerBar__45,PlayerBar,class,11,14,1,0,16,1,10,9,0,5,0,0,0,102,1
FeatureAMP4_c.PlayerBar__45,ProgressBar,class,6,6,1,0,8,0,4,4,0,2,0,0,0,29,0
FeatureAMP4_c.PlayerBar__45,PlaylistTableModel,class,2,21,2,0,11,9,7,5,0,2,0,1,0,49,0
FeatureAMP4_c.PlayerBar__45,AbstractAudioController,class,3,40,1,1,9,250,28,21,0,9,0,0,1,156,0
FeatureAMP4_c.PlayerBar__45,AbstractAudioFile,class,1,4,1,1,4,4,4,4,0,1,0,0,1,21,0
FeatureAMP4_c.PlayerBar__45,Mp3MetaFile,class,3,19,2,0,10,9,7,7,0,6,0,0,0,63,0
FeatureAMP4_c.PlayerBar__45,Playlist,class,11,55,2,0,54,93,22,19,0,7,0,0,5,224,0
FeatureAMP4_c.PlayerBar__45,TitleListener,class,2,3,1,0,6,0,1,1,0,0,0,0,0,13,0
FeatureAMP4_c.PlayerBar__45,AudioFile,interface,2,8,1,0,0,28,8,8,0,0,0,0,0,10,0
FeatureAMP4_c.PlayerBar__45,AudioFactory,class,5,15,3,0,11,21,7,3,7,1,0,1,4,54,0
FeatureAMP4_c.PlayerBar__45,AudioController,interface,3,27,1,0,0,351,27,27,0,3,3,3,0,33,0
FeatureAMP4_c.PlayerBar__46,Mp3Controller,class,3,16,2,0,21,0,8,8,0,4,0,0,3,92,0
FeatureAMP4_c.PlayerBar__46,Playlist,class,11,55,2,0,54,93,22,19,0,7,0,0,5,224,0
FeatureAMP4_c.PlayerBar__46,Mp3MetaFile,class,3,19,2,0,10,9,7,7,0,6,0,0,0,63,0
FeatureAMP4_c.PlayerBar__46,TitleTimeListener,class,5,4,1,0,9,0,2,2,0,1,0,0,0,22,0
FeatureAMP4_c.PlayerBar__46,AbstractAudioFile,class,1,4,1,1,4,4,4,4,0,1,0,0,1,21,0
FeatureAMP4_c.PlayerBar__46,PlaylistTableModel,class,2,21,2,0,11,9,7,5,0,2,0,1,0,49,0
FeatureAMP4_c.PlayerBar__46,FeatureAmp,class,10,26,1,0,44,206,24,9,2,9,1,1,4,125,0
FeatureAMP4_c.PlayerBar__46,MenuManager,class,1,15,1,0,19,25,10,7,0,3,0,0,3,69,0
FeatureAMP4_c.PlayerBar__46,AudioFactory,class,5,15,3,0,11,21,7,3,7,1,0,1,4,54,0
FeatureAMP4_c.PlayerBar__46,PlayerControl,class,15,76,2,0,39,0,23,14,0,13,4,4,1,256,0
FeatureAMP4_c.PlayerBar__46,AbstractAudioController,class,3,40,1,1,9,250,28,21,0,9,0,0,1,156,0
FeatureAMP4_c.PlayerBar__46,AudioController,interface,3,27,1,0,0,351,27,27,0,3,3,3,0,33,0
FeatureAMP4_c.PlayerBar__46,Listener,interface,1,1,1,0,0,0,1,1,0,0,0,0,0,3,0
FeatureAMP4_c.PlayerBar__46,ProgressBar,class,6,6,1,0,8,0,4,4,0,2,0,0,0,29,0
FeatureAMP4_c.PlayerBar__46,TitleListener,class,2,3,1,0,6,0,1,1,0,0,0,0,0,13,0
FeatureAMP4_c.PlayerBar__46,AudioFile,interface,2,8,1,0,0,28,8,8,0,0,0,0,0,10,0
FeatureAMP4_c.PlayerBar__46,FinishedListener,interface,2,1,1,0,0,0,1,1,0,0,0,0,0,3,0
FeatureAMP4_c.PlayerBar__46,PlayerBar,class,11,14,1,0,16,1,10,9,0,5,0,0,0,102,1
FeatureAMP4_c.PlayerBar__47,AudioFactory,class,5,15,3,0,11,21,7,3,7,1,0,1,4,54,0
FeatureAMP4_c.PlayerBar__47,Mp3Controller,class,3,16,2,0,21,0,8,8,0,4,0,0,3,92,0
FeatureAMP4_c.PlayerBar__47,AbstractAudioFile,class,1,4,1,1,4,4,4,4,0,1,0,0,1,21,0
FeatureAMP4_c.PlayerBar__47,AudioController,interface,3,27,1,0,0,351,27,27,0,3,3,3,0,33,0
FeatureAMP4_c.PlayerBar__47,PlayerControl,class,7,52,1,0,31,6,13,6,0,6,0,0,0,149,0
FeatureAMP4_c.PlayerBar__47,FinishedListener,interface,2,1,1,0,0,0,1,1,0,0,0,0,0,3,0
FeatureAMP4_c.PlayerBar__47,Mp3MetaFile,class,3,19,2,0,10,9,7,7,0,6,0,0,0,63,0
FeatureAMP4_c.PlayerBar__47,MenuManager,class,1,15,1,0,19,25,10,7,0,3,0,0,3,69,0
FeatureAMP4_c.PlayerBar__47,PlaylistTableModel,class,2,21,2,0,11,9,7,5,0,2,0,1,0,49,0
FeatureAMP4_c.PlayerBar__47,FeatureAmp,class,10,26,1,0,44,206,24,9,2,9,1,1,4,125,0
FeatureAMP4_c.PlayerBar__47,TitleListener,class,2,3,1,0,6,0,1,1,0,0,0,0,0,13,0
FeatureAMP4_c.PlayerBar__47,TitleTimeListener,class,5,4,1,0,9,0,2,2,0,1,0,0,0,22,0
FeatureAMP4_c.PlayerBar__47,Playlist,class,11,55,2,0,54,93,22,19,0,7,0,0,5,224,0
FeatureAMP4_c.PlayerBar__47,Listener,interface,1,1,1,0,0,0,1,1,0,0,0,0,0,3,0
FeatureAMP4_c.PlayerBar__47,AbstractAudioController,class,3,40,1,1,9,250,28,21,0,9,0,0,1,156,0
FeatureAMP4_c.PlayerBar__47,AudioFile,interface,2,8,1,0,0,28,8,8,0,0,0,0,0,10,0
FeatureAMP4_c.PlayerBar__47,PlayerBar,class,11,14,1,0,16,1,10,9,0,5,0,0,0,102,1
FeatureAMP4_c.PlayerBar__47,ProgressBar,class,6,6,1,0,8,0,4,4,0,2,0,0,0,29,0
FeatureAMP4_c.PlayerBar__48,Listener,interface,1,1,1,0,0,0,1,1,0,0,0,0,0,3,0
FeatureAMP4_c.PlayerBar__48,AudioController,interface,3,27,1,0,0,351,27,27,0,3,3,3,0,33,0
FeatureAMP4_c.PlayerBar__48,PlaylistTableModel,class,2,21,2,0,11,9,7,5,0,2,0,1,0,49,0
FeatureAMP4_c.PlayerBar__48,ProgressBar,class,6,6,1,0,8,0,4,4,0,2,0,0,0,29,0
FeatureAMP4_c.PlayerBar__48,AudioFile,interface,2,8,1,0,0,28,8,8,0,0,0,0,0,10,0
FeatureAMP4_c.PlayerBar__48,FinishedListener,interface,2,1,1,0,0,0,1,1,0,0,0,0,0,3,0
FeatureAMP4_c.PlayerBar__48,MenuManager,class,1,15,1,0,19,25,10,7,0,3,0,0,3,69,0
FeatureAMP4_c.PlayerBar__48,TitleTimeListener,class,5,4,1,0,9,0,2,2,0,1,0,0,0,22,0
FeatureAMP4_c.PlayerBar__48,PlayerControl,class,8,57,2,0,32,7,15,7,0,7,0,0,0,168,0
FeatureAMP4_c.PlayerBar__48,TitleListener,class,2,3,1,0,6,0,1,1,0,0,0,0,0,13,0
FeatureAMP4_c.PlayerBar__48,AudioFactory,class,5,15,3,0,11,21,7,3,7,1,0,1,4,54,0
FeatureAMP4_c.PlayerBar__48,Playlist,class,11,55,2,0,54,93,22,19,0,7,0,0,5,224,0
FeatureAMP4_c.PlayerBar__48,Mp3MetaFile,class,3,19,2,0,10,9,7,7,0,6,0,0,0,63,0
FeatureAMP4_c.PlayerBar__48,AbstractAudioFile,class,1,4,1,1,4,4,4,4,0,1,0,0,1,21,0
FeatureAMP4_c.PlayerBar__48,PlayerBar,class,11,14,1,0,16,1,10,9,0,5,0,0,0,102,1
FeatureAMP4_c.PlayerBar__48,Mp3Controller,class,3,16,2,0,21,0,8,8,0,4,0,0,3,92,0
FeatureAMP4_c.PlayerBar__48,AbstractAudioController,class,3,40,1,1,9,250,28,21,0,9,0,0,1,156,0
FeatureAMP4_c.PlayerBar__48,FeatureAmp,class,10,26,1,0,44,206,24,9,2,9,1,1,4,125,0
FeatureAMP4_c.PlayerBar__49,AudioFile,interface,2,8,1,0,0,28,8,8,0,0,0,0,0,10,0
FeatureAMP4_c.PlayerBar__49,AudioFactory,class,5,15,3,0,11,21,7,3,7,1,0,1,4,54,0
FeatureAMP4_c.PlayerBar__49,FeatureAmp,class,10,26,1,0,44,206,24,9,2,9,1,1,4,125,0
FeatureAMP4_c.PlayerBar__49,AbstractAudioFile,class,1,4,1,1,4,4,4,4,0,1,0,0,1,21,0
FeatureAMP4_c.PlayerBar__49,PlayerControl,class,13,61,1,0,35,0,19,12,0,11,4,4,1,209,0
FeatureAMP4_c.PlayerBar__49,Playlist,class,11,55,2,0,54,93,22,19,0,7,0,0,5,224,0
FeatureAMP4_c.PlayerBar__49,TitleTimeListener,class,5,4,1,0,9,0,2,2,0,1,0,0,0,22,0
FeatureAMP4_c.PlayerBar__49,Mp3MetaFile,class,3,19,2,0,10,9,7,7,0,6,0,0,0,63,0
FeatureAMP4_c.PlayerBar__49,PlaylistTableModel,class,2,21,2,0,11,9,7,5,0,2,0,1,0,49,0
FeatureAMP4_c.PlayerBar__49,TitleListener,class,2,3,1,0,6,0,1,1,0,0,0,0,0,13,0
FeatureAMP4_c.PlayerBar__49,FinishedListener,interface,2,1,1,0,0,0,1,1,0,0,0,0,0,3,0
FeatureAMP4_c.PlayerBar__49,Listener,interface,1,1,1,0,0,0,1,1,0,0,0,0,0,3,0
FeatureAMP4_c.PlayerBar__49,MenuManager,class,1,15,1,0,19,25,10,7,0,3,0,0,3,69,0
FeatureAMP4_c.PlayerBar__49,ProgressBar,class,6,6,1,0,8,0,4,4,0,2,0,0,0,29,0
FeatureAMP4_c.PlayerBar__49,AbstractAudioController,class,3,40,1,1,9,250,28,21,0,9,0,0,1,156,0
FeatureAMP4_c.PlayerBar__49,Mp3Controller,class,3,16,2,0,21,0,8,8,0,4,0,0,3,92,0
FeatureAMP4_c.PlayerBar__49,AudioController,interface,3,27,1,0,0,351,27,27,0,3,3,3,0,33,0
FeatureAMP4_c.PlayerBar__49,PlayerBar,class,11,14,1,0,16,1,10,9,0,5,0,0,0,102,1
FeatureAMP4_c.PlayerBar__5,PlaylistTableModel,class,2,21,2,0,11,9,7,5,0,2,0,1,0,49,0
FeatureAMP4_c.PlayerBar__5,Mp3MetaFile,class,3,19,2,0,10,9,7,7,0,6,0,0,0,63,0
FeatureAMP4_c.PlayerBar__5,AbstractAudioController,class,3,40,1,2,9,250,28,21,0,9,0,0,1,156,0
FeatureAMP4_c.PlayerBar__5,PlayerControl,class,6,34,1,0,22,5,10,5,0,5,0,0,0,103,0
FeatureAMP4_c.PlayerBar__5,Playlist,class,11,55,2,0,54,93,22,19,0,7,0,0,5,224,0
FeatureAMP4_c.PlayerBar__5,AudioFile,interface,2,8,1,0,0,28,8,8,0,0,0,0,0,10,0
FeatureAMP4_c.PlayerBar__5,AudioController,interface,3,27,1,0,0,351,27,27,0,3,3,3,0,33,0
FeatureAMP4_c.PlayerBar__5,TitleTimeListener,class,5,4,1,0,9,0,2,2,0,1,0,0,0,22,0
FeatureAMP4_c.PlayerBar__5,FeatureAmp,class,10,26,1,0,44,206,24,9,2,9,1,1,4,125,0
FeatureAMP4_c.PlayerBar__5,OggController,class,3,16,2,0,21,0,8,8,0,4,0,0,3,92,0
FeatureAMP4_c.PlayerBar__5,MenuManager,class,1,15,1,0,19,25,10,7,0,3,0,0,3,69,0
FeatureAMP4_c.PlayerBar__5,OggMetaFile,class,3,18,2,0,6,11,7,7,0,5,0,0,2,63,0
FeatureAMP4_c.PlayerBar__5,TitleListener,class,2,3,1,0,6,0,1,1,0,0,0,0,0,13,0
FeatureAMP4_c.PlayerBar__5,Listener,interface,1,1,1,0,0,0,1,1,0,0,0,0,0,3,0
FeatureAMP4_c.PlayerBar__5,FinishedListener,interface,2,1,1,0,0,0,1,1,0,0,0,0,0,3,0
FeatureAMP4_c.PlayerBar__5,AbstractAudioFile,class,1,4,1,2,4,4,4,4,0,1,0,0,1,21,0
FeatureAMP4_c.PlayerBar__5,AudioFactory,class,7,24,3,0,14,45,10,3,10,1,0,1,8,82,0
FeatureAMP4_c.PlayerBar__5,PlayerBar,class,11,14,1,0,16,1,10,9,0,5,0,0,0,102,1
FeatureAMP4_c.PlayerBar__5,Mp3Controller,class,3,16,2,0,21,0,8,8,0,4,0,0,3,92,0
FeatureAMP4_c.PlayerBar__5,ProgressBar,class,6,6,1,0,8,0,4,4,0,2,0,0,0,29,0
FeatureAMP4_c.PlayerBar__50,AudioController,interface,3,27,1,0,0,351,27,27,0,3,3,3,0,33,0
FeatureAMP4_c.PlayerBar__50,MenuManager,class,1,15,1,0,19,25,10,7,0,3,0,0,3,69,0
FeatureAMP4_c.PlayerBar__50,TitleTimeListener,class,5,4,1,0,9,0,2,2,0,1,0,0,0,22,0
FeatureAMP4_c.PlayerBar__50,AudioFile,interface,2,8,1,0,0,28,8,8,0,0,0,0,0,10,0
FeatureAMP4_c.PlayerBar__50,Mp3Controller,class,3,16,2,0,21,0,8,8,0,4,0,0,3,92,0
FeatureAMP4_c.PlayerBar__50,Listener,interface,1,1,1,0,0,0,1,1,0,0,0,0,0,3,0
FeatureAMP4_c.PlayerBar__50,PlayerBar,class,11,14,1,0,16,1,10,9,0,5,0,0,0,102,1
FeatureAMP4_c.PlayerBar__50,ProgressBar,class,6,6,1,0,8,0,4,4,0,2,0,0,0,29,0
FeatureAMP4_c.PlayerBar__50,TitleListener,class,2,3,1,0,6,0,1,1,0,0,0,0,0,13,0
FeatureAMP4_c.PlayerBar__50,FeatureAmp,class,10,26,1,0,44,206,24,9,2,9,1,1,4,125,0
FeatureAMP4_c.PlayerBar__50,FinishedListener,interface,2,1,1,0,0,0,1,1,0,0,0,0,0,3,0
FeatureAMP4_c.PlayerBar__50,Playlist,class,11,55,2,0,54,93,22,19,0,7,0,0,5,224,0
FeatureAMP4_c.PlayerBar__50,PlayerControl,class,14,66,2,0,36,0,21,13,0,12,4,4,1,228,0
FeatureAMP4_c.PlayerBar__50,AbstractAudioController,class,3,40,1,1,9,250,28,21,0,9,0,0,1,156,0
FeatureAMP4_c.PlayerBar__50,AbstractAudioFile,class,1,4,1,1,4,4,4,4,0,1,0,0,1,21,0
FeatureAMP4_c.PlayerBar__50,AudioFactory,class,5,15,3,0,11,21,7,3,7,1,0,1,4,54,0
FeatureAMP4_c.PlayerBar__50,Mp3MetaFile,class,3,19,2,0,10,9,7,7,0,6,0,0,0,63,0
FeatureAMP4_c.PlayerBar__50,PlaylistTableModel,class,2,21,2,0,11,9,7,5,0,2,0,1,0,49,0
FeatureAMP4_c.PlayerBar__51,AudioFile,interface,2,8,1,0,0,28,8,8,0,0,0,0,0,10,0
FeatureAMP4_c.PlayerBar__51,Listener,interface,1,1,1,0,0,0,1,1,0,0,0,0,0,3,0
FeatureAMP4_c.PlayerBar__51,AbstractAudioFile,class,1,4,1,1,4,4,4,4,0,1,0,0,1,21,0
FeatureAMP4_c.PlayerBar__51,PlayerBar,class,11,14,1,0,16,1,10,9,0,5,0,0,0,102,1
FeatureAMP4_c.PlayerBar__51,FinishedListener,interface,2,1,1,0,0,0,1,1,0,0,0,0,0,3,0
FeatureAMP4_c.PlayerBar__51,MenuManager,class,1,15,1,0,19,25,10,7,0,3,0,0,3,69,0
FeatureAMP4_c.PlayerBar__51,ProgressBar,class,6,6,1,0,8,0,4,4,0,2,0,0,0,29,0
FeatureAMP4_c.PlayerBar__51,AudioFactory,class,5,15,3,0,11,21,7,3,7,1,0,1,4,54,0
FeatureAMP4_c.PlayerBar__51,Mp3Controller,class,3,16,2,0,21,0,8,8,0,4,0,0,3,92,0
FeatureAMP4_c.PlayerBar__51,AudioController,interface,3,27,1,0,0,351,27,27,0,3,3,3,0,33,0
FeatureAMP4_c.PlayerBar__51,PlaylistTableModel,class,2,21,2,0,11,9,7,5,0,2,0,1,0,49,0
FeatureAMP4_c.PlayerBar__51,FeatureAmp,class,10,26,1,0,44,206,24,9,2,9,1,1,4,125,0
FeatureAMP4_c.PlayerBar__51,TitleListener,class,2,3,1,0,6,0,1,1,0,0,0,0,0,13,0
FeatureAMP4_c.PlayerBar__51,TitleTimeListener,class,5,4,1,0,9,0,2,2,0,1,0,0,0,22,0
FeatureAMP4_c.PlayerBar__51,PlayerControl,class,6,42,1,0,26,5,11,5,0,5,0,0,0,121,0
FeatureAMP4_c.PlayerBar__51,Playlist,class,11,55,2,0,54,93,22,19,0,7,0,0,5,224,0
FeatureAMP4_c.PlayerBar__51,Mp3MetaFile,class,3,19,2,0,10,9,7,7,0,6,0,0,0,63,0
FeatureAMP4_c.PlayerBar__51,AbstractAudioController,class,3,40,1,1,9,250,28,21,0,9,0,0,1,156,0
FeatureAMP4_c.PlayerBar__52,Playlist,class,11,55,2,0,54,93,22,19,0,7,0,0,5,224,0
FeatureAMP4_c.PlayerBar__52,TitleTimeListener,class,5,4,1,0,9,0,2,2,0,1,0,0,0,22,0
FeatureAMP4_c.PlayerBar__52,PlayerBar,class,11,14,1,0,16,1,10,9,0,5,0,0,0,102,1
FeatureAMP4_c.PlayerBar__52,AudioFile,interface,2,8,1,0,0,28,8,8,0,0,0,0,0,10,0
FeatureAMP4_c.PlayerBar__52,Mp3Controller,class,3,16,2,0,21,0,8,8,0,4,0,0,3,92,0
FeatureAMP4_c.PlayerBar__52,FeatureAmp,class,10,26,1,0,44,206,24,9,2,9,1,1,4,125,0
FeatureAMP4_c.PlayerBar__52,TitleListener,class,2,3,1,0,6,0,1,1,0,0,0,0,0,13,0
FeatureAMP4_c.PlayerBar__52,Mp3MetaFile,class,3,19,2,0,10,9,7,7,0,6,0,0,0,63,0
FeatureAMP4_c.PlayerBar__52,MenuManager,class,1,15,1,0,19,25,10,7,0,3,0,0,3,69,0
FeatureAMP4_c.PlayerBar__52,ProgressBar,class,6,6,1,0,8,0,4,4,0,2,0,0,0,29,0
FeatureAMP4_c.PlayerBar__52,AudioController,interface,3,27,1,0,0,351,27,27,0,3,3,3,0,33,0
FeatureAMP4_c.PlayerBar__52,AudioFactory,class,5,15,3,0,11,21,7,3,7,1,0,1,4,54,0
FeatureAMP4_c.PlayerBar__52,Listener,interface,1,1,1,0,0,0,1,1,0,0,0,0,0,3,0
FeatureAMP4_c.PlayerBar__52,AbstractAudioFile,class,1,4,1,1,4,4,4,4,0,1,0,0,1,21,0
FeatureAMP4_c.PlayerBar__52,FinishedListener,interface,2,1,1,0,0,0,1,1,0,0,0,0,0,3,0
FeatureAMP4_c.PlayerBar__52,PlayerControl,class,7,47,2,0,27,6,13,6,0,6,0,0,0,140,0
FeatureAMP4_c.PlayerBar__52,AbstractAudioController,class,3,40,1,1,9,250,28,21,0,9,0,0,1,156,0
FeatureAMP4_c.PlayerBar__52,PlaylistTableModel,class,2,21,2,0,11,9,7,5,0,2,0,1,0,49,0
FeatureAMP4_c.PlayerBar__53,AbstractAudioFile,class,1,4,1,1,4,4,4,4,0,1,0,0,1,21,0
FeatureAMP4_c.PlayerBar__53,PlayerBar,class,11,14,1,0,16,1,10,9,0,5,0,0,0,102,1
FeatureAMP4_c.PlayerBar__53,FinishedListener,interface,2,1,1,0,0,0,1,1,0,0,0,0,0,3,0
FeatureAMP4_c.PlayerBar__53,Mp3Controller,class,3,16,2,0,21,0,8,8,0,4,0,0,3,92,0
FeatureAMP4_c.PlayerBar__53,Playlist,class,11,55,2,0,54,93,22,19,0,7,0,0,5,224,0
FeatureAMP4_c.PlayerBar__53,Mp3MetaFile,class,3,19,2,0,10,9,7,7,0,6,0,0,0,63,0
FeatureAMP4_c.PlayerBar__53,PlaylistTableModel,class,2,21,2,0,11,9,7,5,0,2,0,1,0,49,0
FeatureAMP4_c.PlayerBar__53,MenuManager,class,1,15,1,0,19,25,10,7,0,3,0,0,3,69,0
FeatureAMP4_c.PlayerBar__53,AudioController,interface,3,27,1,0,0,351,27,27,0,3,3,3,0,33,0
FeatureAMP4_c.PlayerBar__53,TitleListener,class,2,3,1,0,6,0,1,1,0,0,0,0,0,13,0
FeatureAMP4_c.PlayerBar__53,Listener,interface,1,1,1,0,0,0,1,1,0,0,0,0,0,3,0
FeatureAMP4_c.PlayerBar__53,TitleTimeListener,class,5,4,1,0,9,0,2,2,0,1,0,0,0,22,0
FeatureAMP4_c.PlayerBar__53,AudioFile,interface,2,8,1,0,0,28,8,8,0,0,0,0,0,10,0
FeatureAMP4_c.PlayerBar__53,PlayerControl,class,13,53,1,0,29,0,18,12,0,11,4,4,1,191,0
FeatureAMP4_c.PlayerBar__53,AbstractAudioController,class,3,40,1,1,9,250,28,21,0,9,0,0,1,156,0
FeatureAMP4_c.PlayerBar__53,AudioFactory,class,5,15,3,0,11,21,7,3,7,1,0,1,4,54,0
FeatureAMP4_c.PlayerBar__53,FeatureAmp,class,10,26,1,0,44,206,24,9,2,9,1,1,4,125,0
FeatureAMP4_c.PlayerBar__53,ProgressBar,class,6,6,1,0,8,0,4,4,0,2,0,0,0,29,0
FeatureAMP4_c.PlayerBar__54,Mp3MetaFile,class,3,19,2,0,10,9,7,7,0,6,0,0,0,63,0
FeatureAMP4_c.PlayerBar__54,PlayerControl,class,6,34,1,0,22,5,10,5,0,5,0,0,0,103,0
FeatureAMP4_c.PlayerBar__54,PlayerBar,class,11,14,1,0,16,1,10,9,0,5,0,0,0,102,1
FeatureAMP4_c.PlayerBar__54,TitleTimeListener,class,5,4,1,0,9,0,2,2,0,1,0,0,0,22,0
FeatureAMP4_c.PlayerBar__54,MenuManager,class,1,15,1,0,19,25,10,7,0,3,0,0,3,69,0
FeatureAMP4_c.PlayerBar__54,TitleListener,class,2,3,1,0,6,0,1,1,0,0,0,0,0,13,0
FeatureAMP4_c.PlayerBar__54,AudioFactory,class,5,15,3,0,11,21,7,3,7,1,0,1,4,54,0
FeatureAMP4_c.PlayerBar__54,PlaylistTableModel,class,2,21,2,0,11,9,7,5,0,2,0,1,0,49,0
FeatureAMP4_c.PlayerBar__54,FinishedListener,interface,2,1,1,0,0,0,1,1,0,0,0,0,0,3,0
FeatureAMP4_c.PlayerBar__54,FeatureAmp,class,10,26,1,0,44,206,24,9,2,9,1,1,4,125,0
FeatureAMP4_c.PlayerBar__54,Mp3Controller,class,3,16,2,0,21,0,8,8,0,4,0,0,3,92,0
FeatureAMP4_c.PlayerBar__54,AbstractAudioFile,class,1,4,1,1,4,4,4,4,0,1,0,0,1,21,0
FeatureAMP4_c.PlayerBar__54,Playlist,class,11,55,2,0,54,93,22,19,0,7,0,0,5,224,0
FeatureAMP4_c.PlayerBar__54,AudioController,interface,3,27,1,0,0,351,27,27,0,3,3,3,0,33,0
FeatureAMP4_c.PlayerBar__54,AudioFile,interface,2,8,1,0,0,28,8,8,0,0,0,0,0,10,0
FeatureAMP4_c.PlayerBar__54,ProgressBar,class,6,6,1,0,8,0,4,4,0,2,0,0,0,29,0
FeatureAMP4_c.PlayerBar__54,AbstractAudioController,class,3,40,1,1,9,250,28,21,0,9,0,0,1,156,0
FeatureAMP4_c.PlayerBar__54,Listener,interface,1,1,1,0,0,0,1,1,0,0,0,0,0,3,0
FeatureAMP4_c.PlayerBar__55,MenuManager,class,1,15,1,0,19,25,10,7,0,3,0,0,3,69,0
FeatureAMP4_c.PlayerBar__55,PlayerControl,class,12,43,1,0,26,0,16,11,0,10,4,4,1,163,0
FeatureAMP4_c.PlayerBar__55,PlaylistTableModel,class,2,21,2,0,11,9,7,5,0,2,0,1,0,49,0
FeatureAMP4_c.PlayerBar__55,ProgressBar,class,6,6,1,0,8,0,4,4,0,2,0,0,0,29,0
FeatureAMP4_c.PlayerBar__55,AudioController,interface,3,27,1,0,0,351,27,27,0,3,3,3,0,33,0
FeatureAMP4_c.PlayerBar__55,AbstractAudioFile,class,1,4,1,1,4,4,4,4,0,1,0,0,1,21,0
FeatureAMP4_c.PlayerBar__55,FeatureAmp,class,10,26,1,0,44,206,24,9,2,9,1,1,4,125,0
FeatureAMP4_c.PlayerBar__55,PlayerBar,class,11,14,1,0,16,1,10,9,0,5,0,0,0,102,1
FeatureAMP4_c.PlayerBar__55,Listener,interface,1,1,1,0,0,0,1,1,0,0,0,0,0,3,0
FeatureAMP4_c.PlayerBar__55,TitleListener,class,2,3,1,0,6,0,1,1,0,0,0,0,0,13,0
FeatureAMP4_c.PlayerBar__55,Mp3Controller,class,3,16,2,0,21,0,8,8,0,4,0,0,3,92,0
FeatureAMP4_c.PlayerBar__55,Mp3MetaFile,class,3,19,2,0,10,9,7,7,0,6,0,0,0,63,0
FeatureAMP4_c.PlayerBar__55,TitleTimeListener,class,5,4,1,0,9,0,2,2,0,1,0,0,0,22,0
FeatureAMP4_c.PlayerBar__55,Playlist,class,11,55,2,0,54,93,22,19,0,7,0,0,5,224,0
FeatureAMP4_c.PlayerBar__55,AbstractAudioController,class,3,40,1,1,9,250,28,21,0,9,0,0,1,156,0
FeatureAMP4_c.PlayerBar__55,AudioFile,interface,2,8,1,0,0,28,8,8,0,0,0,0,0,10,0
FeatureAMP4_c.PlayerBar__55,AudioFactory,class,5,15,3,0,11,21,7,3,7,1,0,1,4,54,0
FeatureAMP4_c.PlayerBar__55,FinishedListener,interface,2,1,1,0,0,0,1,1,0,0,0,0,0,3,0
FeatureAMP4_c.PlayerBar__6,FinishedListener,interface,2,1,1,0,0,0,1,1,0,0,0,0,0,3,0
FeatureAMP4_c.PlayerBar__6,ProgressBar,class,6,6,1,0,8,0,4,4,0,2,0,0,0,29,0
FeatureAMP4_c.PlayerBar__6,AudioFile,interface,2,8,1,0,0,28,8,8,0,0,0,0,0,10,0
FeatureAMP4_c.PlayerBar__6,OggMetaFile,class,3,18,2,0,6,11,7,7,0,5,0,0,2,63,0
FeatureAMP4_c.PlayerBar__6,AbstractAudioController,class,3,40,1,2,9,250,28,21,0,9,0,0,1,156,0
FeatureAMP4_c.PlayerBar__6,AbstractAudioFile,class,1,4,1,2,4,4,4,4,0,1,0,0,1,21,0
FeatureAMP4_c.PlayerBar__6,MenuManager,class,1,15,1,0,19,25,10,7,0,3,0,0,3,69,0
FeatureAMP4_c.PlayerBar__6,PlayerControl,class,12,43,1,0,26,0,16,11,0,10,4,4,1,163,0
FeatureAMP4_c.PlayerBar__6,TitleTimeListener,class,5,4,1,0,9,0,2,2,0,1,0,0,0,22,0
FeatureAMP4_c.PlayerBar__6,OggController,class,3,16,2,0,21,0,8,8,0,4,0,0,3,92,0
FeatureAMP4_c.PlayerBar__6,Playlist,class,11,55,2,0,54,93,22,19,0,7,0,0,5,224,0
FeatureAMP4_c.PlayerBar__6,TitleListener,class,2,3,1,0,6,0,1,1,0,0,0,0,0,13,0
FeatureAMP4_c.PlayerBar__6,AudioFactory,class,7,24,3,0,14,45,10,3,10,1,0,1,8,82,0
FeatureAMP4_c.PlayerBar__6,PlaylistTableModel,class,2,21,2,0,11,9,7,5,0,2,0,1,0,49,0
FeatureAMP4_c.PlayerBar__6,Listener,interface,1,1,1,0,0,0,1,1,0,0,0,0,0,3,0
FeatureAMP4_c.PlayerBar__6,FeatureAmp,class,10,26,1,0,44,206,24,9,2,9,1,1,4,125,0
FeatureAMP4_c.PlayerBar__6,Mp3Controller,class,3,16,2,0,21,0,8,8,0,4,0,0,3,92,0
FeatureAMP4_c.PlayerBar__6,Mp3MetaFile,class,3,19,2,0,10,9,7,7,0,6,0,0,0,63,0
FeatureAMP4_c.PlayerBar__6,PlayerBar,class,11,14,1,0,16,1,10,9,0,5,0,0,0,102,1
FeatureAMP4_c.PlayerBar__6,AudioController,interface,3,27,1,0,0,351,27,27,0,3,3,3,0,33,0
FeatureAMP4_c.PlayerBar__7,AudioFile,interface,2,8,1,0,0,28,8,8,0,0,0,0,0,10,0
FeatureAMP4_c.PlayerBar__7,PlayerBar,class,11,14,1,0,16,1,10,9,0,5,0,0,0,102,1
FeatureAMP4_c.PlayerBar__7,Listener,interface,1,1,1,0,0,0,1,1,0,0,0,0,0,3,0
FeatureAMP4_c.PlayerBar__7,PlaylistTableModel,class,2,21,2,0,11,9,7,5,0,2,0,1,0,49,0
FeatureAMP4_c.PlayerBar__7,PlayerControl,class,5,24,1,0,17,4,8,4,0,4,0,0,0,75,0
FeatureAMP4_c.PlayerBar__7,ProgressBar,class,6,6,1,0,8,0,4,4,0,2,0,0,0,29,0
FeatureAMP4_c.PlayerBar__7,TitleListener,class,2,3,1,0,6,0,1,1,0,0,0,0,0,13,0
FeatureAMP4_c.PlayerBar__7,OggController,class,3,16,2,0,21,0,8,8,0,4,0,0,3,92,0
FeatureAMP4_c.PlayerBar__7,AbstractAudioController,class,3,40,1,2,9,250,28,21,0,9,0,0,1,156,0
FeatureAMP4_c.PlayerBar__7,FinishedListener,interface,2,1,1,0,0,0,1,1,0,0,0,0,0,3,0
FeatureAMP4_c.PlayerBar__7,Mp3MetaFile,class,3,19,2,0,10,9,7,7,0,6,0,0,0,63,0
FeatureAMP4_c.PlayerBar__7,Playlist,class,11,55,2,0,54,93,22,19,0,7,0,0,5,224,0
FeatureAMP4_c.PlayerBar__7,Mp3Controller,class,3,16,2,0,21,0,8,8,0,4,0,0,3,92,0
FeatureAMP4_c.PlayerBar__7,TitleTimeListener,class,5,4,1,0,9,0,2,2,0,1,0,0,0,22,0
FeatureAMP4_c.PlayerBar__7,AudioController,interface,3,27,1,0,0,351,27,27,0,3,3,3,0,33,0
FeatureAMP4_c.PlayerBar__7,OggMetaFile,class,3,18,2,0,6,11,7,7,0,5,0,0,2,63,0
FeatureAMP4_c.PlayerBar__7,AbstractAudioFile,class,1,4,1,2,4,4,4,4,0,1,0,0,1,21,0
FeatureAMP4_c.PlayerBar__7,AudioFactory,class,7,24,3,0,14,45,10,3,10,1,0,1,8,82,0
FeatureAMP4_c.PlayerBar__7,MenuManager,class,1,15,1,0,19,25,10,7,0,3,0,0,3,69,0
FeatureAMP4_c.PlayerBar__7,FeatureAmp,class,10,26,1,0,44,206,24,9,2,9,1,1,4,125,0
FeatureAMP4_c.PlayerBar__8,FinishedListener,interface,2,1,1,0,0,0,1,1,0,0,0,0,0,3,0
FeatureAMP4_c.PlayerBar__8,TitleTimeListener,class,5,4,1,0,9,0,2,2,0,1,0,0,0,22,0
FeatureAMP4_c.PlayerBar__8,PlayerBar,class,11,14,1,0,16,1,10,9,0,5,0,0,0,102,1
FeatureAMP4_c.PlayerBar__8,PlayerControl,class,12,51,1,0,35,0,17,11,0,10,4,4,1,185,0
FeatureAMP4_c.PlayerBar__8,Playlist,class,11,55,2,0,54,93,22,19,0,7,0,0,5,224,0
FeatureAMP4_c.PlayerBar__8,AudioController,interface,3,27,1,0,0,351,27,27,0,3,3,3,0,33,0
FeatureAMP4_c.PlayerBar__8,AudioFactory,class,7,24,3,0,14,45,10,3,10,1,0,1,8,82,0
FeatureAMP4_c.PlayerBar__8,AbstractAudioController,class,3,40,1,2,9,250,28,21,0,9,0,0,1,156,0
FeatureAMP4_c.PlayerBar__8,AudioFile,interface,2,8,1,0,0,28,8,8,0,0,0,0,0,10,0
FeatureAMP4_c.PlayerBar__8,OggController,class,3,16,2,0,21,0,8,8,0,4,0,0,3,92,0
FeatureAMP4_c.PlayerBar__8,Listener,interface,1,1,1,0,0,0,1,1,0,0,0,0,0,3,0
FeatureAMP4_c.PlayerBar__8,ProgressBar,class,6,6,1,0,8,0,4,4,0,2,0,0,0,29,0
FeatureAMP4_c.PlayerBar__8,TitleListener,class,2,3,1,0,6,0,1,1,0,0,0,0,0,13,0
FeatureAMP4_c.PlayerBar__8,Mp3Controller,class,3,16,2,0,21,0,8,8,0,4,0,0,3,92,0
FeatureAMP4_c.PlayerBar__8,OggMetaFile,class,3,18,2,0,6,11,7,7,0,5,0,0,2,63,0
FeatureAMP4_c.PlayerBar__8,AbstractAudioFile,class,1,4,1,2,4,4,4,4,0,1,0,0,1,21,0
FeatureAMP4_c.PlayerBar__8,PlaylistTableModel,class,2,21,2,0,11,9,7,5,0,2,0,1,0,49,0
FeatureAMP4_c.PlayerBar__8,FeatureAmp,class,10,26,1,0,44,206,24,9,2,9,1,1,4,125,0
FeatureAMP4_c.PlayerBar__8,Mp3MetaFile,class,3,19,2,0,10,9,7,7,0,6,0,0,0,63,0
FeatureAMP4_c.PlayerBar__8,MenuManager,class,1,15,1,0,19,25,10,7,0,3,0,0,3,69,0
FeatureAMP4_c.PlayerBar__9,Playlist,class,11,55,2,0,54,93,22,19,0,7,0,0,5,224,0
FeatureAMP4_c.PlayerBar__9,OggController,class,3,16,2,0,21,0,8,8,0,4,0,0,3,92,0
FeatureAMP4_c.PlayerBar__9,AbstractAudioFile,class,1,4,1,2,4,4,4,4,0,1,0,0,1,21,0
FeatureAMP4_c.PlayerBar__9,FeatureAmp,class,10,26,1,0,44,206,24,9,2,9,1,1,4,125,0
FeatureAMP4_c.PlayerBar__9,PlaylistTableModel,class,2,21,2,0,11,9,7,5,0,2,0,1,0,49,0
FeatureAMP4_c.PlayerBar__9,AudioController,interface,3,27,1,0,0,351,27,27,0,3,3,3,0,33,0
FeatureAMP4_c.PlayerBar__9,Mp3MetaFile,class,3,19,2,0,10,9,7,7,0,6,0,0,0,63,0
FeatureAMP4_c.PlayerBar__9,PlayerBar,class,11,14,1,0,16,1,10,9,0,5,0,0,0,102,1
FeatureAMP4_c.PlayerBar__9,PlayerControl,class,13,56,2,0,36,0,19,12,0,11,4,4,1,204,0
FeatureAMP4_c.PlayerBar__9,AudioFactory,class,7,24,3,0,14,45,10,3,10,1,0,1,8,82,0
FeatureAMP4_c.PlayerBar__9,AbstractAudioController,class,3,40,1,2,9,250,28,21,0,9,0,0,1,156,0
FeatureAMP4_c.PlayerBar__9,AudioFile,interface,2,8,1,0,0,28,8,8,0,0,0,0,0,10,0
FeatureAMP4_c.PlayerBar__9,ProgressBar,class,6,6,1,0,8,0,4,4,0,2,0,0,0,29,0
FeatureAMP4_c.PlayerBar__9,TitleListener,class,2,3,1,0,6,0,1,1,0,0,0,0,0,13,0
FeatureAMP4_c.PlayerBar__9,FinishedListener,interface,2,1,1,0,0,0,1,1,0,0,0,0,0,3,0
FeatureAMP4_c.PlayerBar__9,TitleTimeListener,class,5,4,1,0,9,0,2,2,0,1,0,0,0,22,0
FeatureAMP4_c.PlayerBar__9,Listener,interface,1,1,1,0,0,0,1,1,0,0,0,0,0,3,0
FeatureAMP4_c.PlayerBar__9,Mp3Controller,class,3,16,2,0,21,0,8,8,0,4,0,0,3,92,0
FeatureAMP4_c.PlayerBar__9,MenuManager,class,1,15,1,0,19,25,10,7,0,3,0,0,3,69,0
FeatureAMP4_c.PlayerBar__9,OggMetaFile,class,3,18,2,0,6,11,7,7,0,5,0,0,2,63,0
